_id,codigo,descripcion,precioVentaBase,TARIFA SAVIA SALUD
uzrTRFAfCoiAfPKY5,2090001,STENT CORONARIO ANGIOLITE 225X14MM REFSCC DSR14 150 225 014,2858499,1224000
XuqatSbi7q2Ag4M9f,2090002,STENT CORONARIO ANGIOLITE 225X19MM REFSCC DSR14 150 225 019,2858499,1224000
86QAQJpuGZveFXDG7,2090003,STENT CORONARIO ANGIOLITE 225X24MM REFSCC DSR14 150 225 024,2858499,1224000
ETaWwTPftTEdDLAH8,2090004,STENT CORONARIO ANGIOLITE 225X29MM REFSCC DSR14 150 225 029,2858499,1224000
W2f57iXQqpEp9CJ32,2090005,STENT CORONARIO ANGIOLITE 225X34MM REFSCC DSR14 150 225 034,2858499,1224000
8PEotkoZDzTMG32nH,2090006,STENT CORONARIO ANGIOLITE 225X39MM REFSCC DSR14 150 225 039,2858499,1224000
x9DWMpyQLGXgMmPP5,2090007,STENT CORONARIO ANGIOLITE 225X9MM REFSCC DSR14 150 225 009,2858499,1224000
ELWKPCgXA3YmhS444,2090008,STENT CORONARIO ANGIOLITE 250X14MM REFSCC DSR14 150 250 014,2858499,1224000
cBC7uM4QQBtNmxFuH,2090009,STENT CORONARIO ANGIOLITE 250X19MM REFSCC DSR14 150 250 019,2858499,1224000
giaEpWmbFWCiFY2t5,2090010,STENT CORONARIO ANGIOLITE 250X24MM REFSCC DSR14 150 250 024,2858499,1224000
DSynDyTkz6zjh4cCN,2090011,STENT CORONARIO ANGIOLITE 250X29MM REFSCC DSR14 150 250 029,2858499,1224000
9xKGZC9bxfSJsBBRx,2090012,STENT CORONARIO ANGIOLITE 250X34MM REFSCC DSR14 150 250 034,2858499,1224000
JAAwRTh9XyRhXcX9m,2090013,STENT CORONARIO ANGIOLITE 250X39MM REFSCC DSR14 150 250 039,2858499,1224000
mT2wRBf9PKLeuB7xo,2090014,STENT CORONARIO ANGIOLITE 250X9MM REFSCC DSR14 150 250 009,2858499,1224000
JRPKb38zJttj5Mm6u,2090015,STENT CORONARIO ANGIOLITE 275X14MM REFSCC DSR14 150 275 014,2858499,1224000
wrnr8AvMTXeEDShih,2090016,STENT CORONARIO ANGIOLITE 275X19MM REFSCC DSR14 150 275 019,2858499,1224000
Bx4xyQyf8TPPgpbSY,2090017,STENT CORONARIO ANGIOLITE 275X24MM REFSCC DSR14 150 275 024,2858499,1224000
aQSvH68K6vFqsDyXP,2090018,STENT CORONARIO ANGIOLITE 275X29MM REFSCC DSR14 150 275 029,2858499,1224000
qpcL4rgunis5DHmT5,2090019,STENT CORONARIO ANGIOLITE 275X34MM REFSCC DSR14 150 275 034,2858499,1224000
hEu4PAyLdjJt4BREW,2090020,STENT CORONARIO ANGIOLITE 275X39MM REFSCC DSR14 150 275 039,2858499,1224000
WmnXxLpdvpFS3geKF,2090021,STENT CORONARIO ANGIOLITE 275X9MM REFSCC DSR14 150 275 009,2858499,1224000
xjWfC6hkmqw52P79Z,2090022,STENT CORONARIO ANGIOLITE 2X14MM REFSCC DSR14 150 200 014,2858499,1224000
A9aNe3xcmLTSASTxP,2090023,STENT CORONARIO ANGIOLITE 2X19MM REFSCC DSR14 150 200 019,2858499,1224000
AKYquX2yqFPo72WB5,2090024,STENT CORONARIO ANGIOLITE 2X24MM REFSCC DSR14 150 200 024,2858499,1224000
g5nNMHiiyEjFQaFWM,2090025,STENT CORONARIO ANGIOLITE 2X29MM REFSCC DSR14 150 200 029,2858499,1224000
GCyFfLcpCHBRrdu6c,2090026,STENT CORONARIO ANGIOLITE 2X34MM REFSCC DSR14 150 200 034,2858499,1224000
aRqRz2hbkyTzeMqgj,2090027,STENT CORONARIO ANGIOLITE 2X39MM REFSCC DSR14 150 200 039,2858499,1224000
Fc98cSHGrDC9uYf2R,2090028,STENT CORONARIO ANGIOLITE 2X9MM REFSCC DSR14 150 200 009,2858499,1224000
K8dFyZedBtpkKB2ek,2090029,STENT CORONARIO ANGIOLITE 350X14MM REFSCC DSR14 150 350 014,2858499,1224000
rXPZ7Ej2nqLjAY2e2,2090030,STENT CORONARIO ANGIOLITE 350X19MM REFSCC DSR14 150 350 019,2858499,1224000
TXELu4biyazWDoduP,2090031,STENT CORONARIO ANGIOLITE 350X24MM REFSCC DSR14 150 350 024,2858499,1224000
YqTRrc5fz9DZBK5nv,2090032,STENT CORONARIO ANGIOLITE 350X29MM REFSCC DSR14 150 350 029,2858499,1224000
885iqehS3td5EwxtE,2090033,STENT CORONARIO ANGIOLITE 350X34MM REFSCC DSR14 150 350 034,2858499,1224000
S3kBTwK3RPmkSKE7e,2090034,STENT CORONARIO ANGIOLITE 350X39MM REFSCC DSR14 150 350 039,2858499,1224000
cmcds6AXDmG2gBKCS,2090035,STENT CORONARIO ANGIOLITE 350X9MM REFSCC DSR14 150 350 009,2858499,1224000
XyZfdRSSEmEEt5uKv,2090036,STENT CORONARIO ANGIOLITE 3X14MM REFSCC DSR14 150 300 014,2858499,1224000
kAHeokGPSZLYTLeJL,2090037,STENT CORONARIO ANGIOLITE 3X19MM REFSCC DSR14 150 300 019,2858499,1224000
xMGfaasQDHnD9NbNp,2090038,STENT CORONARIO ANGIOLITE 3X24MM REFSCC DSR14 150 300 024,2858499,1224000
btH9aXfryQpK5Ccey,2090039,STENT CORONARIO ANGIOLITE 3X29MM REFSCC DSR14 150 300 029,2858499,1224000
22SmuyQiqnbZS8ayf,2090040,STENT CORONARIO ANGIOLITE 3X34MM REFSCC DSR14 150 300 034,2858499,1224000
vNYznYpwCEAg3dgEL,2090041,STENT CORONARIO ANGIOLITE 3X39MM REFSCC DSR14 150 300 039,2858499,1224000
Tqgjyeo9xwdfKPJyw,2090042,STENT CORONARIO ANGIOLITE 3X9MM REFSCC DSR14 150 300 009,2858499,1224000
fpwrjb3XT9BkiBYna,2090043,STENT CORONARIO ANGIOLITE 450X14MM REFSCC DSR14 150 450 014,2858499,1224000
LCGMjwQxRG5cMbPJf,2090044,STENT CORONARIO ANGIOLITE 450X19MM REFSCC DSR14 150 450 019,2858499,1224000
vCWrogqTY5tMzdtso,2090045,STENT CORONARIO ANGIOLITE 450X24MM REFSCC DSR14 150 450 024,2858499,1224000
YoSpLfTP2zeGCtDLK,2090046,STENT CORONARIO ANGIOLITE 450X29MM REFSCC DSR14 150 450 029,2858499,1224000
RwfBNobw5EnviZsRL,2090047,STENT CORONARIO ANGIOLITE 450X34MM REFSCC DSR14 150 450 034,2858499,1224000
7F5T2Yegz8Yc6zYFt,2090048,STENT CORONARIO ANGIOLITE 450X39MM REFSCC DSR14 150 450 039,2858499,1224000
v8cj5z2dndtwuySu3,2090049,STENT CORONARIO ANGIOLITE 4X14MM REFSCC DSR14 150 400 014,2858499,1224000
BpqcBPik9eY6boszt,2090050,STENT CORONARIO ANGIOLITE 4X19MM REFSCC DSR14 150 400 019,2858499,1224000
FazC4msWZerrTfEsm,2090051,STENT CORONARIO ANGIOLITE 4X24MM REFSCC DSR14 150 400 024,2858499,1224000
Zb7Wu4SpSYR9Zia9S,2090052,STENT CORONARIO ANGIOLITE 4X29MM REFSCC DSR14 150 400 029,2858499,1224000
RtHzRB2e4JSyo2xAe,2090053,STENT CORONARIO ANGIOLITE 4X34MM REFSCC DSR14 150 400 034,2858499,1224000
SD7bqSRRbNmhgGSYE,2090054,STENT CORONARIO ANGIOLITE 4X39MM REFSCC DSR14 150 400 039,2858499,1224000
dDbxhCkHxTQcuJdJy,2090055,STENT CORONARIO ANGIOLITE 4X9MM REFSCC DSR14 150 400 009,2858499,1224000
RiohhawaBCZZhYfNp,2090056,STENT CORONARIO CONVENCIONAL 275MM X 30MM RX INTEGRITY REF INT27530X,697000,697000
SfgScYwgaAqvdTHDb,2090057,STENT CORONARIO CONVENCIONAL 350MM X 12MM RX INTEGRITY REF INT35012X,697000,697000
GgxyRsWKm62uHXcxc,2090058,STENT CORONARIO CUBIERTO GRAFMASTER 28MM X 16MM REF1012817-16,4320000,4320000
GH2Awxe6FbED7tHdv,2090059,STENT CORONARIO CUBIERTO GRAFTMASTER RX 280X16 REF1012817-16,4320000,4320000
KSgSiiZxHhEXMoo8K,2090060,STENT CORONARIO CUBIERTO GRAFTMASTER RX 280X26 REF1012817-26,4320000,4320000
GBfHMkk9rRsGYG9np,2090061,STENT CORONARIO CUBIERTO GRAFTMASTER RX 350X16 REF1012818-16,4320000,4320000
x9ZN3HZbC6JsSizHj,2090062,STENT CORONARIO CUBIERTO GRAFTMASTER RX 450X19 REF1012820-19,4320000,4320000
kog2eqs7Pf595C4kp,2090063,STENT CORONARIO CUBIERTO GRAFTMASTER RX 450X26 REF1012820-26,4320000,4320000
oTPgYYxHcZ3KfS6wo,2090064,STENT CORONARIO CUBIERTO GRAFTMASTER RX 480X26 REF1012821-26,4320000,4320000
MqWGHPnAzRKvyqnKv,2090065,STENT CORONARIO CUBIERTO GRAFTMASTER RX280X19 REF1012817-19,4320000,4320000
ebGAKWr7fD66RBNsX,2090066,STENT CORONARIO CUBIERTO GRAFTMASTER RX350X19 REF1012818-19,4320000,4320000
Fu3sfMWRiyQtZNsoE,2090067,STENT CORONARIO CUBIERTO GRAFTMASTER RX350X26 REF1012818-26,4320000,4320000
jG3YbkL57sDXcBykz,2090068,STENT CORONARIO CUBIERTO GRAFTMASTER RX400X16 REF1012819-16,4320000,4320000
JaxYsT5svGPYXgxCZ,2090069,STENT CORONARIO MEDICADO  ULTIMASTER 225MM X 12MM REF:DE-RD2212KSM,2858499,2858499
p84nAKcJHB6E3qRuP,2090070,STENT CORONARIO MEDICADO  ULTIMASTER 225MM X 15MM REF:DE-RD2215KSM,2858499,2858499
shZAFNCMmkRd8an6x,2090071,STENT CORONARIO MEDICADO  ULTIMASTER 225MM X 18MM REF:DE-RD2218KSM,2858499,2858499
p4EMn5rrhzNJoXenG,2090072,STENT CORONARIO MEDICADO  ULTIMASTER 225MM X 28MM REF:DE-RD2228KSM,2858499,2858499
GjFFKYdP23Wj6TkMN,2090073,STENT CORONARIO MEDICADO  ULTIMASTER 225MM X 33MM REF:DE-RD2233KSM,2858499,2858499
9qrrnqAv7zkQN6P2j,2090074,STENT CORONARIO MEDICADO  ULTIMASTER 225MM X 38MM REF:DE-RD2238KSM,2858499,2858499
rovzEoPCpNdhQKxvF,2090075,STENT CORONARIO MEDICADO  ULTIMASTER 25MM X 12MM REF:DE-RD2512KSM,2858499,2858499
aCjKkbka7Y39PFNBb,2090076,STENT CORONARIO MEDICADO  ULTIMASTER 25MM X 18MM REF:DE-RD2518KSM,2858499,2858499
ZYgDZF3ETgJQySeEq,2090077,STENT CORONARIO MEDICADO  ULTIMASTER 25MM X 24MM REF:DE-RD2524KSM,2858499,2858499
AwsPAKadYjqsszBRX,2090078,STENT CORONARIO MEDICADO  ULTIMASTER 25MM X 28MM REF:DE-RD2528KSM,2858499,2858499
2whX8CMpHv83jjeiF,2090079,STENT CORONARIO MEDICADO  ULTIMASTER 25MM X 38MM REF:DE-RD2538KSM,2858499,2858499
W2gdLEToeSBoXfNAA,2090080,STENT CORONARIO MEDICADO  ULTIMASTER 30MM X 18MM REF:DE-RD3018KSM,2858499,2858499
B72nWzK4zyt7kesnW,2090081,STENT CORONARIO MEDICADO  ULTIMASTER 30MM X 24MM REF:DE-RD3024KSM,2858499,2858499
waDEGvezpEkd6j94m,2090082,STENT CORONARIO MEDICADO  ULTIMASTER 30MM X 28MM REF:DE-RD3028KSM,2858499,2858499
khc7k55ZXet3QyrBX,2090083,STENT CORONARIO MEDICADO  ULTIMASTER 30MM X 33MM REF:DE-RD3033KSM,2858499,2858499
CW2h6u576ZZvTjBnu,2090084,STENT CORONARIO MEDICADO  ULTIMASTER 30MM X 38MM REF:DE-RD3038KSM,2858499,2858499
7jynmyYYHchzjB7xn,2090085,STENT CORONARIO MEDICADO  ULTIMASTER 35MM X 18MM REF:DE-RD3518KSM,2858499,2858499
TSDnL8RBujxuy9i7o,2090086,STENT CORONARIO MEDICADO  ULTIMASTER 35MM X 33MM REF:DE-RD3533KSM,2858499,2858499
8qWviRvjBkoCCpHuf,2090087,STENT CORONARIO MEDICADO  ULTIMASTER 35MM X 38MM REF:DE-RD3538KSM,2858499,2858499
cziAY4kcC8ZbkFCaW,2090088,STENT CORONARIO MEDICADO RESOLUTE ONYX 20MM X 12MM REFRONYX20012X,2858499,2858499
npZCq4irRaRwwHxRZ,2090089,STENT CORONARIO MEDICADO RESOLUTE ONYX 20MM X 15MM REFRONYX20015X,2858499,2858499
rxwEptTTktGJKcacG,2090090,STENT CORONARIO MEDICADO RESOLUTE ONYX 20MM X 18MM REFRONYX20018X,2858499,2858499
kD2oXdXCb96zZsix5,2090091,STENT CORONARIO MEDICADO RESOLUTE ONYX 20MM X 22MM REFRONYX20022X,2858499,2858499
r7stGtytCBZZX82TH,2090092,STENT CORONARIO MEDICADO RESOLUTE ONYX 20MM X 26MM REFRONYX20026X,2858499,2858499
bA6w6gJq89pvpWE33,2090093,STENT CORONARIO MEDICADO RESOLUTE ONYX 20MM X 30MM REFRONYX20030X,2858499,2858499
tELHXR4ewicHbJSdo,2090094,STENT CORONARIO MEDICADO RESOLUTE ONYX 20MM X 8MM  REFRONYX20008X,2858499,2858499
cKre9nNkRoe5sR9Mu,2090095,STENT CORONARIO MEDICADO RESOLUTE ONYX 225MM X 12MM REFRONYX22512X,2858499,2858499
BiSA4v3vT4KDoRxEp,2090096,STENT CORONARIO MEDICADO RESOLUTE ONYX 225MM X 15MM REFRONYX22515X,2858499,2858499
mB9E26EJRqsh74icr,2090097,STENT CORONARIO MEDICADO RESOLUTE ONYX 225MM X 18MM REFRONYX22518X,2858499,2858499
xyswBFaq2wgp6PEHP,2090098,STENT CORONARIO MEDICADO RESOLUTE ONYX 225MM X 22MM REFRONYX22522X,2858499,2858499
EuSLypRzReSLr8fBY,2090099,STENT CORONARIO MEDICADO RESOLUTE ONYX 225MM X 26MM REFRONYX22526X,2858499,2858499
mqsveEcfWC6fe5M6K,2090100,STENT CORONARIO MEDICADO RESOLUTE ONYX 225MM X 30MM REFRONYX22530X,2858499,2858499
wfXXM3T2H3cJpk5de,2090101,STENT CORONARIO MEDICADO RESOLUTE ONYX 225MM X 34MM REFRONYX22534X,2858499,2858499
ya2BdaB5SEiYqTLz4,2090102,STENT CORONARIO MEDICADO RESOLUTE ONYX 225MM X 38MM REFRONYX22538X,2858499,2858499
QyKD9zkyr2zmXBbLd,2090103,STENT CORONARIO MEDICADO RESOLUTE ONYX 225MM X 8MM REFRONYX22508X,2858499,2858499
st8LngYA7DDvkeACX,2090104,STENT CORONARIO MEDICADO RESOLUTE ONYX 25MM X 12MM REF:RONYX25012X,2858499,2858499
u64ftXf84Mdz5GmQj,2090105,STENT CORONARIO MEDICADO RESOLUTE ONYX 25MM X 15MM REF:RONYX25015X,2858499,2858499
C4n59N35aJK8SGZXD,2090106,STENT CORONARIO MEDICADO RESOLUTE ONYX 25MM X 18MM REF:RONYX25018X,2858499,2858499
8QY2eyYPdTTEZttbB,2090107,STENT CORONARIO MEDICADO RESOLUTE ONYX 25MM X 22MM REF:RONYX25022X,2858499,2858499
mJsdwf5CH3AQ9Rgqn,2090108,STENT CORONARIO MEDICADO RESOLUTE ONYX 25MM X 26MM REF:RONYX25026X,2858499,2858499
aC2Kx5LtcEbWS5BpW,2090109,STENT CORONARIO MEDICADO RESOLUTE ONYX 25MM X 30MM REF:RONYX25030X,2858499,2858499
GbTNWgbDi9BQJrpi7,2090110,STENT CORONARIO MEDICADO RESOLUTE ONYX 25MM X 34MM REF:RONYX25034X,2858499,2858499
CfvpaxK8wZThy4zNw,2090111,STENT CORONARIO MEDICADO RESOLUTE ONYX 25MM X 38MM REF:RONYX25038X,2858499,2858499
fB4qaWsxErPbEujsh,2090112,STENT CORONARIO MEDICADO RESOLUTE ONYX 25MM X 8MM REF:RONYX25008X,2858499,2858499
AhZKepnH5rTECs68S,2090113,STENT CORONARIO MEDICADO RESOLUTE ONYX 275MM X 12MM REF:RONYX27512X,2858499,2858499
TEDpYhrMFSxshPiSk,2090114,STENT CORONARIO MEDICADO RESOLUTE ONYX 275MM X 15MM REF:RONYX27515X,2858499,2858499
nFqQLrCbtmEsMijr8,2090115,STENT CORONARIO MEDICADO RESOLUTE ONYX 275MM X 18MM REF:RONYX27518X,2858499,2858499
Sr2BDuq7y6GsTzGsF,2090116,STENT CORONARIO MEDICADO RESOLUTE ONYX 275MM X 22MM REF:RONYX27522X,2858499,2858499
qWdLeWjuLZYt98HSr,2090117,STENT CORONARIO MEDICADO RESOLUTE ONYX 275MM X 26MM REF:RONYX27526X,2858499,2858499
yNpbGBSSoZKMmD3x6,2090118,STENT CORONARIO MEDICADO RESOLUTE ONYX 275MM X 30MM REF:RONYX27530X,2858499,2858499
QHc3yoji9DbBJE6u8,2090119,STENT CORONARIO MEDICADO RESOLUTE ONYX 275MM X 34MM REF:RONYX27534X,2858499,2858499
pMgPMxEtiDk7z8PYC,2090120,STENT CORONARIO MEDICADO RESOLUTE ONYX 275MM X 38MM REF:RONYX27538X,2858499,2858499
KCEG7Zp4va2k2YxZE,2090121,STENT CORONARIO MEDICADO RESOLUTE ONYX 275MM X 8MM REF:RONYX27508X,2858499,2858499
8mCprtxcmi6d7nLZA,2090122,STENT CORONARIO MEDICADO RESOLUTE ONYX 300MM X 15MM REFRONYX30015X,2858499,2858499
EqjtAGphPagjGMnPf,2090123,STENT CORONARIO MEDICADO RESOLUTE ONYX 300MM X 8MM REFRONYX30008X,2858499,2858499
s8oa2zLH2P62Sprxp,2090124,STENT CORONARIO MEDICADO RESOLUTE ONYX 30MM X 12MM REF:RONYX30012X,2858499,2858499
6NTY7nB4hRe8FaL8Q,2090125,STENT CORONARIO MEDICADO RESOLUTE ONYX 30MM X 18MM REF:RONYX30018X,2858499,2858499
cxycDZrFkRN6edo2y,2090126,STENT CORONARIO MEDICADO RESOLUTE ONYX 30MM X 22MM REF:RONYX30022X,2858499,2858499
vaESZPhAMMgMGrHHA,2090127,STENT CORONARIO MEDICADO RESOLUTE ONYX 30MM X 26MM REF:RONYX30026X,2858499,2858499
Ginwke6aMhQApsYcP,2090128,STENT CORONARIO MEDICADO RESOLUTE ONYX 30MM X 30MM REF:RONYX30030X,2858499,2858499
qL9kPp6Ncnhbn5kLy,2090129,STENT CORONARIO MEDICADO RESOLUTE ONYX 30MM X 34MM REF:RONYX30034X,2858499,2858499
ZX5xhbKiTM5PfRwxg,2090130,STENT CORONARIO MEDICADO RESOLUTE ONYX 30MM X 38MM REF:RONYX30038X,2858499,2858499
eLg2Q9KDSpAtN6SKW,2090131,STENT CORONARIO MEDICADO RESOLUTE ONYX 35MM X 12MM REFRONYX35012X,2858499,2858499
z5iPkeiktjoQb4BL8,2090132,STENT CORONARIO MEDICADO RESOLUTE ONYX 35MM X 15MM REF:RONYX35015X,2858499,2858499
eXNxBGLHLFpXZizia,2090133,STENT CORONARIO MEDICADO RESOLUTE ONYX 35MM X 18MM REF:RONYX35018X,2858499,2858499
2GchmNFsRauvZc4p6,2090134,STENT CORONARIO MEDICADO RESOLUTE ONYX 35MM X 22MM REF:RONYX35022X,2858499,2858499
EW34ocqEzcKJo3Lqp,2090135,STENT CORONARIO MEDICADO RESOLUTE ONYX 35MM X 26MM REF:RONYX35026X,2858499,2858499
qP87CTukHLH62boac,2090136,STENT CORONARIO MEDICADO RESOLUTE ONYX 35MM X 30MM REF:RONYX35030X,2858499,2858499
ovAKJfFKrt62cmdae,2090137,STENT CORONARIO MEDICADO RESOLUTE ONYX 35MM X 34MM REF:RONYX35034X,2858499,2858499
brdNLoNm3k55fbHuX,2090138,STENT CORONARIO MEDICADO RESOLUTE ONYX 35MM X 38MM REF:RONYX35038X,2858499,2858499
CewWjzMXD2zp9F4g5,2090139,STENT CORONARIO MEDICADO RESOLUTE ONYX 35MM X 8MM REFRONYX35008X,2858499,2858499
vk3wXifJ3oKjDbmXh,2090140,STENT CORONARIO MEDICADO RESOLUTE ONYX 400X12 REF RONYX40012X,2858499,2858499
paHZ37ijcDpQAjdyH,2090141,STENT CORONARIO MEDICADO RESOLUTE ONYX 400X15 REF RONYX40015X,2858499,2858499
qFGcF7A2szCFwLxqv,2090142,STENT CORONARIO MEDICADO RESOLUTE ONYX 400X18 REF RONYX40018X,2858499,2858499
5AjsseNzsAnwJYQWj,2090143,STENT CORONARIO MEDICADO RESOLUTE ONYX 400X22 REF RONYX40022X,2858499,2858499
hdDDgSjdgoSfwNvYm,2090144,STENT CORONARIO MEDICADO RESOLUTE ONYX 400X26 REF RONYX40026X,2858499,2858499
HkoMw9ErCJLZjS74h,2090145,STENT CORONARIO MEDICADO RESOLUTE ONYX 400X30 REF RONYX40030X,2858499,2858499
ey4DtXvpLTuKgy7mp,2090146,STENT CORONARIO MEDICADO RESOLUTE ONYX 400X34 REF RONYX40034X,2858499,2858499
z5p8YLjadqAasbRSe,2090147,STENT CORONARIO MEDICADO RESOLUTE ONYX 400X38 REF RONYX40038X,2858499,2858499
nue2Sg3tirFLiNkQw,2090148,STENT CORONARIO MEDICADO RESOLUTE ONYX 400X8 REF RONYX40008X,2858499,2858499
8cCoNGLAB6DHtT86A,2090149,STENT CORONARIO MEDICADO RESOLUTE ONYX 450X12 REF RONYX45012X,2858499,2858499
QaDiN8Ee7dRpThFGp,2090150,STENT CORONARIO MEDICADO RESOLUTE ONYX 450X22 REF RONYX45022X,2858499,2858499
4MWXf9WwYL3yzDbzq,2090151,STENT CORONARIO MEDICADO RESOLUTE ONYX 450X26 REF RONYX45026X,2858499,2858499
CQooL599c8qt73pEa,2090152,STENT CORONARIO MEDICADO RESOLUTE ONYX 450X30 REF RONYX45030X,2858499,2858499
vw8JvCouBswiDjFmd,2090153,STENT CORONARIO MEDICADO RESOLUTE ONYX 500X15 REF RONYX50015X,2858499,2858499
giYJbwyREnYvx9pze,2090154,STENT CORONARIO MEDICADO RESOLUTE ONYX 500X26 REF RONYX50026X,2858499,2858499
k7Yvpa57HHgCYt4sy,2090155,STENT CORONARIO MEDICADO RESOLUTE ONYX 500X30 REF RONYX50030X,2858499,2858499
CRkeJZuxXcm9vdwRZ,2090156,STENT CORONARIO MEDICADO SYNERGY  225MM X 16MM REFH7493926216220,2858499,2858499
qxQkPJxFNtvJYCZ3R,2090157,STENT CORONARIO MEDICADO SYNERGY  225MM X 20MM REFH7493926220220,2858499,2858499
AFSwPaJSW4o5EQp3Q,2090158,STENT CORONARIO MEDICADO SYNERGY  225MM X 24MM REFH7493926224220,2858499,2858499
d54mHAEcHwdy7bkxo,2090159,STENT CORONARIO MEDICADO SYNERGY  225MM X 28MM REFH7493926228220,2858499,2858499
pBP3WsjQucSQug7Gz,2090160,STENT CORONARIO MEDICADO SYNERGY  225MM X 32MM REFH7493926232220,2858499,2858499
qGAroqgJaQGcxEiRa,2090161,STENT CORONARIO MEDICADO SYNERGY  225MM X 38MM REFH7493926238220,2858499,2858499
X5E8EAnzC6D2RsbWt,2090162,STENT CORONARIO MEDICADO SYNERGY  25MM X 16MM REFH7493926216250,2858499,2858499
jxqHorzj2JbM2X9nC,2090163,STENT CORONARIO MEDICADO SYNERGY  25MM X 20MM REFH7493926220250,2858499,2858499
iM28tDL6CmhnbGmWj,2090164,STENT CORONARIO MEDICADO SYNERGY  25MM X 24MM REFH7493926224250,2858499,2858499
AsBQP5YZcHWgm6fNd,2090165,STENT CORONARIO MEDICADO SYNERGY  25MM X 28MM REFH7493926228250,2858499,2858499
JvDyYx9rbY62jo3Ro,2090166,STENT CORONARIO MEDICADO SYNERGY  25MM X 32MM REFH7493926232250,2858499,2858499
hZbhpvAEKAserj2fJ,2090167,STENT CORONARIO MEDICADO SYNERGY  25MM X 38MM REFH7493926238250,2858499,2858499
QhvBBFxE6HG9GwCPt,2090168,STENT CORONARIO MEDICADO SYNERGY  275MM X 32MM REFH7493926232270,2858499,2858499
WkKXkHq2uxcHGb4jT,2090169,STENT CORONARIO MEDICADO SYNERGY  275MM X 38MM REFH7493926238270,2858499,2858499
6bo7k5wBQgt9bdtLT,2090170,STENT CORONARIO MEDICADO SYNERGY  275MM X20MM REFH7493926220270,2858499,2858499
TWGGu5L9Pi9uHNsq5,2090171,STENT CORONARIO MEDICADO SYNERGY  275MM X24MM REFH7493926224270,2858499,2858499
65Z2pJH4iBgqTvoyK,2090172,STENT CORONARIO MEDICADO SYNERGY  275MM X28MM REFH7493926228270,2858499,2858499
j3ZiYwjBYY3kEqMk6,2090173,STENT CORONARIO MEDICADO SYNERGY 225 X  8 REFH7493926208220,2858499,2858499
tLjoQ5jvJKqLZKmXn,2090174,STENT CORONARIO MEDICADO SYNERGY 250 X 12 REFH7493926212250,2858499,2858499
jKwzr2mA2mTZcTKCp,2090175,STENT CORONARIO MEDICADO SYNERGY 250 X 8 REFH7493926208250,2858499,2858499
XLoDuutM8h9BFtRcn,2090176,STENT CORONARIO MEDICADO SYNERGY 275 X 12 REFH7493926212270,2858499,2858499
ta4jHrXtPEnCxuwoF,2090177,STENT CORONARIO MEDICADO SYNERGY 275 X 16 REFH7493926216270,2858499,2858499
C9dhuhMqiosaha5AH,2090178,STENT CORONARIO MEDICADO SYNERGY 275 X 8 REFH7493926208270,2858499,2858499
JQQ3ZynaYE2BdSzXp,2090179,STENT CORONARIO MEDICADO SYNERGY 30MM X 16MM REFH7493926216300,2858499,2858499
yuSwFDWNeKrD4Py2a,2090180,STENT CORONARIO MEDICADO SYNERGY 30MM X 20MM REFH7493926220300,2858499,2858499
e7PTvypAEmAaAvyfh,2090181,STENT CORONARIO MEDICADO SYNERGY 30MM X 24MM REFH7493926224300,2858499,2858499
eyKYBStZ4mWrHPj5s,2090182,STENT CORONARIO MEDICADO SYNERGY 30MM X 28MM REFH7493926228300,2858499,2858499
hg6EZQ4Gygu6xSJpu,2090183,STENT CORONARIO MEDICADO SYNERGY 35MM X 16MM REFH7493926216350,2858499,2858499
xaq837qByRCNTQ7ot,2090184,STENT CORONARIO MEDICADO SYNERGY 35MM X 20MM REFH7493926220350,2858499,2858499
QKniAe8Qaxtjeh88f,2090185,STENT CORONARIO MEDICADO SYNERGY 35MM X 28MM REFH7493926228350,2858499,2858499
CoFhxJzpCTYMa9fi3,2090186,STENT CORONARIO MEDICADO SYNERGY 35MM X 32MM REFH7493926232350,2858499,2858499
ZxcC272dqmvqaS7EK,2090187,STENT CORONARIO MEDICADO SYNERGY 35MM X 38MM REFH7493926238350,2858499,2858499
p8kQJdc3RxpyRRj2S,2090188,STENT CORONARIO MEDICADO SYNERGY 300 X 12 REFH7493926212300,2858499,2858499
6yDdZYtB6ursRmJ3j,2090189,STENT CORONARIO MEDICADO SYNERGY 300 X 32 REFH7493926232300,2858499,2858499
4QxWtqKPNFX4JXi4X,2090190,STENT CORONARIO MEDICADO SYNERGY 300 X 38 REFH7493926238300,2858499,2858499
kEryfMhLhcwhy3jnm,2090191,STENT CORONARIO MEDICADO SYNERGY 300 X 8 REFH7493926208300,2858499,2858499
JKWM6SAFGLLpciWY9,2090192,STENT CORONARIO MEDICADO SYNERGY 350 X 12 REFH7493926212350,2858499,2858499
xW3yxfDNGMjGQtjBL,2090193,STENT CORONARIO MEDICADO SYNERGY 350 X 8 REFH7493926208350,2858499,2858499
6bAgBp4QAbAEEo2Jh,2090194,STENT CORONARIO MEDICADO SYNERGY 40MM X 16MM REFH7493926216400,2858499,2858499
NALjfDfQWFnteexZ9,2090195,STENT CORONARIO MEDICADO SYNERGY 40MM X 20MM REFH7493926220400,2858499,2858499
2TtqTgLibzwr8LvW7,2090196,STENT CORONARIO MEDICADO SYNERGY 40MM X 32MM REFH7493926232400,2858499,2858499
A2emsZ8hPeRdqEPyx,2090197,STENT CORONARIO MEDICADO SYNERGY 40MM X 38MM REFH7493926238400,2858499,2858499
JGS97DMTahb82dGWT,2090198,STENT CORONARIO MEDICADO SYNERGY 400 X 12 REFH7493926212400,2858499,2858499
MuRNh3LL5KJwJaQxw,2090199,STENT CORONARIO MEDICADO SYNERGY 400 X 28 REFH7493926228400,2858499,2858499
fvWTztMbX77jtyxZi,2090200,STENT CORONARIO MEDICADO SYNERGY 400 X 8 REFH7493926208400,2858499,2858499
vgaTCgDkZ96nYkEL9,2090201,STENT CORONARIO MEDICADO ULTIMASTER  275MM X 18MM REF:DE-RD2718KSM,2858499,2858499
pS6HESopCjRWnp8AL,2090202,STENT CORONARIO MEDICADO ULTIMASTER STENT 275 MM X 9 MM REF 8DE-RD2709KSM,2858499,2858499
eJ6NPTvxkegkc2ZuL,2090203,STENT CORONARIO MEDICADO ULTIMASTER STENT 30 MM X 15 MM REF 8DE-RD3015KSM,2858499,2858499
D9TnWA84dYvFXb9Hq,2090204,STENT CORONARIO MEDICADO XIENCE ALPINE 200 X 08 MM REF1120200-08,2858499,2858499
WgzbPtzJXLv368Nok,2090205,STENT CORONARIO MEDICADO XIENCE ALPINE 200 X 12 MM REF1120200-12,2858499,2858499
aELLxSb3jSiRtuHuy,2090206,STENT CORONARIO MEDICADO XIENCE ALPINE 200 X 15 MM REF1120200-15,2858499,2858499
gyCDXSoqZgDk3mx8X,2090207,STENT CORONARIO MEDICADO XIENCE ALPINE 200 X 18 MM REF1120200-18,2858499,2858499
ToicdbmeTuzEYkvS9,2090208,STENT CORONARIO MEDICADO XIENCE ALPINE 200 X 23 MM REF1120200-23,2858499,2858499
Qq6ZfXk5ksF8yPo8u,2090209,STENT CORONARIO MEDICADO XIENCE ALPINE 200 X 28 MM REF1120200-28,2858499,2858499
f7XtcGrgzsiRbFGHC,2090210,STENT CORONARIO MEDICADO XIENCE ALPINE 225 X 08 MM REF1120225-08,2858499,2858499
8EvTdS2DAGgCBdkXp,2090211,STENT CORONARIO MEDICADO XIENCE ALPINE 225 X 12 MM REF1120225-12,2858499,2858499
WSGRutJciPAsLANJa,2090212,STENT CORONARIO MEDICADO XIENCE ALPINE 225 X 15 MM REF1120225-15,2858499,2858499
vLbFpTvEQwhBbHvgL,2090213,STENT CORONARIO MEDICADO XIENCE ALPINE 225 X 18 MM REF1120225-18,2858499,2858499
tzY7RqMSJ5YQhuGvg,2090214,STENT CORONARIO MEDICADO XIENCE ALPINE 225 X 23 MM REF1120225-23,2858499,2858499
Auw8MgTZy4mD4n6j2,2090215,STENT CORONARIO MEDICADO XIENCE ALPINE 225 X 28 MM REF1120225-23,2858499,2858499
HqyfWfSEm7MuwefAy,2090216,STENT CORONARIO MEDICADO XIENCE ALPINE 250 X 08 MM REF1120250-08,2858499,2858499
5rbjNA3SPGTwbiEe7,2090217,STENT CORONARIO MEDICADO XIENCE ALPINE 250 X 12 MM REF1120250-12,2858499,2858499
fGeLiKn7G6FYrCmHp,2090218,STENT CORONARIO MEDICADO XIENCE ALPINE 250 X 15 MM REF1120250-15,2858499,2858499
tXSza4C9rDACaCJWu,2090219,STENT CORONARIO MEDICADO XIENCE ALPINE 250 X 18 MM REF1120250-18,2858499,2858499
HS5voryxQbTTZMJvS,2090220,STENT CORONARIO MEDICADO XIENCE ALPINE 250 X 23 MM REF1120250-23,2858499,2858499
Jh7nnjixqeuMEttaQ,2090221,STENT CORONARIO MEDICADO XIENCE ALPINE 250 X 28 MM REF1120250-28,2858499,2858499
jyT4uaMvnbLn7zSCD,2090222,STENT CORONARIO MEDICADO XIENCE ALPINE 250 X 33 MM REF1120250-33,2858499,2858499
ab9oeAMenrsGAS5sH,2090223,STENT CORONARIO MEDICADO XIENCE ALPINE 250 X 38 MM REF1120250-38,2858499,2858499
hT2oCMZK6utEDuQqg,2090224,STENT CORONARIO MEDICADO XIENCE ALPINE 275 X 12 MM REF1120275-12,2858499,2858499
CvMProDX7QfB2Hj4q,2090225,STENT CORONARIO MEDICADO XIENCE ALPINE 275 X 15 MM REF1120275-15,2858499,2858499
FBY2mSPpHydP3aktj,2090226,STENT CORONARIO MEDICADO XIENCE ALPINE 275 X 18 MM REF1120275-18,2858499,2858499
PgDXHiYMXq3jL9ZGR,2090227,STENT CORONARIO MEDICADO XIENCE ALPINE 275 X 23 MM REF1120275-23,2858499,2858499
CaJwrxBLXr9fvkzXf,2090228,STENT CORONARIO MEDICADO XIENCE ALPINE 275 X 28 MM REF1120275-28,2858499,2858499
7gNBG7sw9aDrJBFk5,2090229,STENT CORONARIO MEDICADO XIENCE ALPINE 275 X 33 MM REF1120275-33,2858499,2858499
D4ZG7H52JPGXgcKRS,2090230,STENT CORONARIO MEDICADO XIENCE ALPINE 275 X 38 MM REF1120275-38,2858499,2858499
72L97BhqqCgiTCQvY,2090231,STENT CORONARIO MEDICADO XIENCE ALPINE 300 X 08 MM REF1120300-08,2858499,2858499
cWFCfX49pLutu36Qv,2090232,STENT CORONARIO MEDICADO XIENCE ALPINE 300 X 12 MM REF1120300-12,2858499,2858499
3oHQxpG3HoHkBnPmb,2090233,STENT CORONARIO MEDICADO XIENCE ALPINE 300 X 15 MM REF1120300-15,2858499,2858499
eKF33GYq5whtpRaui,2090234,STENT CORONARIO MEDICADO XIENCE ALPINE 300 X 18 MM REF1120300-18,2858499,2858499
wqWAcPREpk8Y5EhLz,2090235,STENT CORONARIO MEDICADO XIENCE ALPINE 300 X 23 MM REF1120300-23,2858499,2858499
kHuqFkrQpCfmT8TDj,2090236,STENT CORONARIO MEDICADO XIENCE ALPINE 300 X 28 MM REF1120300-28,2858499,2858499
kycPnTM4HNvpek4En,2090237,STENT CORONARIO MEDICADO XIENCE ALPINE 300 X 33 MM REF1120300-33,2858499,2858499
ucZ8vFNCvuAy6qveo,2090238,STENT CORONARIO MEDICADO XIENCE ALPINE 300 X 38 MM REF1120300-38,2858499,2858499
huG8NjgF5A5neosJn,2090239,STENT CORONARIO MEDICADO XIENCE ALPINE 325 X 23 MM REF1120325-23,2858499,2858499
E54cR2D6bekokDHe5,2090240,STENT CORONARIO MEDICADO XIENCE ALPINE 325 X 28 MM REF1120325-28,2858499,2858499
dfHszz9h3m3CT7YYG,2090241,STENT CORONARIO MEDICADO XIENCE ALPINE 350 X 08 MM REF1120350-08,2858499,2858499
kdMQ2JDfy6huYqLgP,2090242,STENT CORONARIO MEDICADO XIENCE ALPINE 350 X 12 MM REF1120350-12,2858499,2858499
2qw53DKkCvM5PN7wd,2090243,STENT CORONARIO MEDICADO XIENCE ALPINE 350 X 15 MM REF1120350-15,2858499,2858499
nrMbawErmQsvgFjue,2090244,STENT CORONARIO MEDICADO XIENCE ALPINE 350 X 18 MM REF1120350-18,2858499,2858499
oWY9S6ZAaqnAbvusT,2090245,STENT CORONARIO MEDICADO XIENCE ALPINE 350 X 23 MM REF1120350-23,2858499,2858499
oPrioQhrboYarSod5,2090246,STENT CORONARIO MEDICADO XIENCE ALPINE 350 X 28 MM REF120350-28,2858499,2858499
6Jcdw8BwTgeovG74P,2090247,STENT CORONARIO MEDICADO XIENCE ALPINE 350 X 33 MM REF1120350-33,2858499,2858499
bTjZKJR5wEzuRoqD5,2090248,STENT CORONARIO MEDICADO XIENCE ALPINE 350 X 38 MM REF1120350-38,2858499,2858499
qerCWgrK8hmLAGHRt,2090249,STENT CORONARIO MEDICADO XIENCE ALPINE 400 X 08 MM REF1120400-08,2858499,2858499
GTWqoguE8uWyjiAKS,2090250,STENT CORONARIO MEDICADO XIENCE ALPINE 400 X 12 MM REF1120400-12,2858499,2858499
9zF9z756JrkfAgtRD,2090251,STENT CORONARIO MEDICADO XIENCE ALPINE 400 X 15 MM REF1120400-15,2858499,2858499
zKXNvKeT8Fj9tsRm6,2090252,STENT CORONARIO MEDICADO XIENCE ALPINE 400 X 18 MM REF1120400-18,2858499,2858499
755Y4TWRvcxTAg9yY,2090253,STENT CORONARIO MEDICADO XIENCE ALPINE 400 X 23 MM REF1120400-23,2858499,2858499
tyMYmrSQWD3dTJ4Z9,2090254,STENT CORONARIO MEDICADO XIENCE ALPINE 400 X 28 MM REF1120400-28,2858499,2858499
8hCWDRneNDKrRhYvD,2090255,STENT CORONARIO MEDICADO XIENCE ALPINE 400 X 33 MM REF1120400-33,2858499,2858499
jstGqtA4MxK8q4Rfq,2090256,STENT CORONARIO MEDICADO XIENCE ALPINE 400 X 38 MM REF1120400-38,2858499,2858499
wu6hsDgJbRbFjQRWq,2090257,STENT CORONARIO MEDICADO XIENCIE XPE 250X48 RX CE REF1070250-48,2858499,2858499
yS4v8E8w6SHx9KPhc,2090258,STENT CORONARIO MEDICADO XIENCIE XPE 275X48 RX CE REF1070275-48,2858499,2858499
wWfzvHPZ2xgGAfbqo,2090259,STENT CORONARIO MEDICADO XIENCIE XPE 300X48 RX CE REF1070300-48,2858499,2858499
R5kK74AGW6BujdrbN,2090260,STENT CORONARIO MEDICADO XIENCIE XPE 3.50X48 RX CE REF: 1070350-48,2858499,2858499
jiiw2tGxy8QfG6o7m,2090261,STENT CORONARIO ULTIMASTER 225 MM X 12 MM REF8DE-RD2212KSM,2858499,2858499
BGYQyYgZMdYiNSNxP,2090262,STENT CORONARIO ULTIMASTER 225 MM X 15 MM REF8DE-RD2215KSM,2858499,2858499
BucxFj4XYGpjYeKJf,2090263,STENT CORONARIO ULTIMASTER 225 MM X 18 MM REF8DE-RD2218KSM,2858499,2858499
zy6GBsADuk2vxz5v9,2090264,STENT CORONARIO ULTIMASTER 225 MM X 24 MM REF8DE-RD2224KSM,2858499,2858499
yiuWuwJEmhemYEtyf,2090265,STENT CORONARIO ULTIMASTER 225 MM X 28 MM REF8DE-RD2228KSM,2858499,2858499
H7B6Q6xFvTR5ctS9W,2090266,STENT CORONARIO ULTIMASTER 225 MM X 33 MM REF8DE-RD2233KSM,2858499,2858499
nrzYcZvneqjD7eux8,2090267,STENT CORONARIO ULTIMASTER 225 MM X 38 MM REF8DE-RD2238KSM,2858499,2858499
EYXwizoC4MJbruWpJ,2090268,STENT CORONARIO ULTIMASTER 225 MM X 9 MM REF8DE-RD2209KSM,2858499,2858499
bRLmecu6syRdpejyE,2090269,STENT CORONARIO ULTIMASTER 25 MM X 12 MM REF8DE-RD2512KSM,2858499,2858499
wqGcyDAwEySJarv8k,2090270,STENT CORONARIO ULTIMASTER 25 MM X 15 MM REF8DE-RD2515KSM,2858499,2858499
PBoJxgWNmQkmu3hRn,2090271,STENT CORONARIO ULTIMASTER 25 MM X 18 MM REF8DE-RD2518KSM,2858499,2858499
oHwnAvtLAgpKY2S2q,2090272,STENT CORONARIO ULTIMASTER 25 MM X 24 MM REF8DE-RD2524KSM,2858499,2858499
T67rzqstmG3SNMdNk,2090273,STENT CORONARIO ULTIMASTER 25 MM X 28 MM REF8DE-RD2528KSM,2858499,2858499
CDdy83aqLrMwobpkD,2090274,STENT CORONARIO ULTIMASTER 25 MM X 33 MM REF8DE-RD2533KSM,2858499,2858499
dc2A6y8JvYDPiknmL,2090275,STENT CORONARIO ULTIMASTER 25 MM X 38 MM REF8DE-RD2538KSM,2858499,2858499
37CpqrtgsMHY8KgP8,2090276,STENT CORONARIO ULTIMASTER 25 MM X 9 MM REF8DE-RD2509KSM,2858499,2858499
LaydwmuejskHDGXqe,2090277,STENT CORONARIO ULTIMASTER 275 MM X 12 MM REF8DE-RD2712KSM,2858499,2858499
WDRzANB6XLCtPigGs,2090278,STENT CORONARIO ULTIMASTER 275 MM X 15 MM REF8DE-RD2715KSM,2858499,2858499
iR2v3w4rbBanRHdgR,2090279,STENT CORONARIO ULTIMASTER 275 MM X 18 MM REF8DE-RD2718KSM,2858499,2858499
hbdegtuZpGkYSCegy,2090280,STENT CORONARIO ULTIMASTER 275 MM X 24 MM REF8DE-RD2724KSM,2858499,2858499
ej6Z9LXg9LgvPTFj7,2090281,STENT CORONARIO ULTIMASTER 275 MM X 28 MM REF8DE-RD2728KSM,2858499,2858499
fbxjzRSfy3YduLxz2,2090282,STENT CORONARIO ULTIMASTER 275 MM X 33 MM REF8DE-RD2733KSM,2858499,2858499
W3zBKZewTJfxf6vN8,2090283,STENT CORONARIO ULTIMASTER 275 MM X 38 MM REF8DE-RD2738KSM,2858499,2858499
c3Egu2h37yHRzCh8C,2090284,STENT CORONARIO ULTIMASTER 275 MM X 9 MM REF8DE-RD2709KSM,2858499,2858499
7zQFEHAwsfYtfbJnr,2090285,STENT CORONARIO ULTIMASTER 30 MM X 12 MM REF8DE-RD3012KSM,2858499,2858499
rTPoKWiz8nXPCSjA8,2090286,STENT CORONARIO ULTIMASTER 30 MM X 15 MM REF8DE-RD3015KSM,2858499,2858499
KD5EPFe9me7xe4RYx,2090287,STENT CORONARIO ULTIMASTER 30 MM X 18 MM REF8DE-RD3018KSM,2858499,2858499
Bmuzu7StAqtMDhthm,2090288,STENT CORONARIO ULTIMASTER 30 MM X 24 MM REF8DE-RD3024KSM,2858499,2858499
RNBWt3zAQtnEG46qQ,2090289,STENT CORONARIO ULTIMASTER 30 MM X 28 MM REF8DE-RD3028KSM,2858499,2858499
tv9xw2h28MApSkEtx,2090290,STENT CORONARIO ULTIMASTER 30 MM X 33 MM REF8DE-RD3033KSM,2858499,2858499
ChWtPj4Y2z9ZLWJsD,2090291,STENT CORONARIO ULTIMASTER 30 MM X 38 MM REF8DE-RD3038KSM,2858499,2858499
EQZ4WXJMiysoqkhwv,2090292,STENT CORONARIO ULTIMASTER 30 MM X 9 MM REF8DE-RD3009KSM,2858499,2858499
Are8SHBejksxNpfc2,2090293,STENT CORONARIO ULTIMASTER 35 MM X 12 MM REF8DE-RD3512KSM,2858499,2858499
PZ462ueRigq2zXpck,2090294,STENT CORONARIO ULTIMASTER 35 MM X 15 MM REF8DE-RD3515KSM,2858499,2858499
uYhQNZhYqnEPoizX6,2090295,STENT CORONARIO ULTIMASTER 35 MM X 18 MM REF8DE-RD3518KSM,2858499,2858499
YJppCYk534Wh8khvt,2090296,STENT CORONARIO ULTIMASTER 35 MM X 24 MM REF8DE-RD3524KSM,2858499,2858499
5dxLS2iLvmxx5RYb2,2090297,STENT CORONARIO MEDICADO ULTIMASTER 3.5 MM X 28 MM REF: 8DE-RD3528KSM,2858499,2858499
vLRY26SDatrTkKpHw,2090298,STENT CORONARIO ULTIMASTER 35 MM X 33 MM REF8DE-RD3533KSM,2858499,2858499
yYnYYNpWBpQi3t4ah,2090299,STENT CORONARIO ULTIMASTER 35 MM X 38 MM REF8DE-RD3538KSM,2858499,2858499
Xokm97zZoP8cS34oR,2090300,STENT CORONARIO ULTIMASTER 35 MM X 9 MM REF8DE-RD3509KSM,2858499,2858499
YK2Yy9ZapgqWYCxjw,2090301,STENT CORONARIO ULTIMASTER 40 MM X 33 MM REF8DE-RD4033KSM,2858499,2858499
aTCLEaGgNYGcQXMx5,2090302,STENT CORONARIO ULTIMASTER 40 MM X 38 MM REF8DE-RD4038KSM,2858499,2858499
mCPNjhCRmqL93dXx8,2100226,STENT ACCLINO FLEX PLUS 35MM X 15MM REF:,15980000,15980000
df2JzZjbQTT7c2NBP,2100227,STENT ACCLINO FLEX PLUS 35MM X 20MM REF:,15980000,15980000
qkPYpwbaAQ8zpT9YZ,2100228,STENT ACCLINO FLEX PLUS 35MM X 25MM REF:,15980000,15980000
kNusaHyDxkJ2Nret6,2100229,STENT ACCLINO FLEX PLUS 35MM X 30MM REF:,15980000,15980000
yHnsNCj5i6XaqvChd,2100230,STENT ACCLINO FLEX PLUS 35MM X 35MM REF:,15980000,15980000
Gt84zKfkAaA92MwWi,2100231,STENT ACCLINO FLEX PLUS 3MM X 15MM REF:,15980000,15980000
DieKQeqC4czEyrRs3,2100232,STENT ACCLINO FLEX PLUS 3MM X 20MM REF:,15980000,15980000
t3e6g5FBwdRy9cvfD,2100233,STENT ACCLINO FLEX PLUS 3MM X 25MM REF:,15980000,15980000
BZ9BH6vsGP8AgXXTk,2100234,STENT ACCLINO FLEX PLUS 3MM X 30MM REF:,15980000,15980000
PMQ3LShtrbTmxjcEy,2100235,STENT ACCLINO FLEX PLUS 3MM X 35MM REF:,15980000,15980000
ApbkkFqKAzEwQpr4m,2100236,STENT ACCLINO FLEX PLUS 45MM X 15MM REF:,15980000,15980000
FsyxQMfuQpPTtTmao,2100237,STENT ACCLINO FLEX PLUS 45MM X 20MM REF:,15980000,15980000
pxvhezFbtbLMvC4Nw,2100238,STENT ACCLINO FLEX PLUS 45MM X 25MM REF:,15980000,15980000
chdYoa9WLATnxEvBu,2100239,STENT ACCLINO FLEX PLUS 45MM X 30MM REF:,15980000,15980000
dW5Z8L6Xd57k6w2jj,2100240,STENT ACCLINO FLEX PLUS 4MM X 15MM REF:,15980000,15980000
buXKL8T6FwThurqcM,2100241,STENT ACCLINO FLEX PLUS 4MM X 20MM REF:,15980000,15980000
rqXkqNeB3vs82uLjt,2100242,STENT ACCLINO FLEX PLUS 4MM X 25MM REF:,15980000,15980000
bQPwsKapGTyPjx4tH,2100243,STENT ACCLINO FLEX PLUS 4MM X 30MM REF:,15980000,15980000
r4S9ewt5ZfHbcmpqk,2100244,STENT ACCLINO FLEX PLUS 4MM X 35MM REF:,15980000,15980000
n9ihw3aJwGKcd6gBK,2100245,STENT ACCLINO FLEX PLUS 65MM X 15MM REF:,15980000,15980000
MNJtZ8GcYrLooJGdG,2100246,STENT ACCLINO FLEX PLUS 65MM X 20MM REF:,15980000,15980000
PRpsEmuKBY3aKkzvX,2100247,STENT ACCLINO FLEX PLUS 65MM X 25MM REF:,15980000,15980000
XGEBHdfHzWaLbZwMi,2100248,STENT ACCLINO FLEX PLUS 65MM X 30MM REF:,15980000,15980000
Pdyq7M6XvjFHYK4QY,2100249,STENT ACCLINO FLEX PLUS 65MM X 35MM REF:,15980000,15980000
EBDGydYMrbuMnqioY,2100250,STENT CAROTIDEO ACCULINK 6-8/30 REF1010132-30,5493205,5493205
xdPghiYwBvu7Ktp6f,2100251,STENT CAROTIDEO ACCULINK 6-8/40 REF1010132-40,5493205,5493205
mRHTt9Qhjfn8ZCbJZ,2100252,STENT CAROTIDEO ACCULINK 7-10/40 REF1010133-40,5493205,5493205
7xTrjTx3WDdczkhxY,2100253,STENT CAROTIDEO CGUAR 10MM X 20MM REFCRX1020,5493205,5493205
GjdAMqnNqojMDGHJb,2100254,STENT CAROTIDEO CGUAR 10MM X 30MM REFCRX1030,5493205,5493205
CMD2xKJuDjmfzERFk,2100255,STENT CAROTIDEO CGUAR 10MM X 40MM REFCRX1040,5493205,5493205
c8ZZvsywY2sD9aLs6,2100256,STENT CAROTIDEO CGUAR 10MM X 60MM REFCRX1060,5493205,5493205
KopaeQxPuLQtdTSqp,2100257,STENT CAROTIDEO CGUAR 6MM X 20MM REFCRX0620,5493205,5493205
rkgYCBHwTn2x9DRjx,2100258,STENT CAROTIDEO CGUAR 6MM X 30MM REFCRX0630,5493205,5493205
vKDMMRqP73aWudwps,2100259,STENT CAROTIDEO CGUAR 6MM X 40MM REFCRX0640,5493205,5493205
tHwEdKerwSvMbHgSD,2100260,STENT CAROTIDEO CGUAR 6MM X 60MM REFCRX0660,5493205,5493205
pSPf7Nmsy2mccnvaA,2100261,STENT CAROTIDEO CGUAR 7MM X 20MM REFCRX0720,5493205,5493205
ZLoAgag3zGFKMGji5,2100262,STENT CAROTIDEO CGUAR 7MM X 30MM REFCRX0730,5493205,5493205
AoYqTeMczE9MJLKLC,2100263,STENT CAROTIDEO CGUAR 7MM X 40MM REFCRX0740,5493205,5493205
W6hvhc2cFc5pxuesN,2100264,STENT CAROTIDEO CGUAR 7MM X 60MM REFCRX0760,5493205,5493205
8M9KYQCCJwF2xgpAy,2100265,STENT CAROTIDEO CGUAR 8MM X 20MM REFCRX0820,5493205,5493205
Nwt5iSH2zf4QvM7FY,2100266,STENT CAROTIDEO CGUAR 8MM X 30MM REFCRX0830,5493205,5493205
Md5r8BPuTQBDmYxoF,2100267,STENT CAROTIDEO CGUAR 8MM X 40MM REFCRX0840,5493205,5493205
LqX4xt3dqwXjmJASb,2100268,STENT CAROTIDEO CGUAR 8MM X 60MM REFCRX0860,5493205,5493205
wCHMtMugHTGxT96su,2100269,STENT CAROTIDEO CGUAR 9MM X 20MM REFCRX0920,5493205,5493205
Zu3wXAS7zgky2QXDe,2100270,STENT CAROTIDEO CGUAR 9MM X 30MM REFCRX0930,5493205,5493205
chgAPGJT78k6LNunu,2100271,STENT CAROTIDEO CGUAR 9MM X 40MM REFCRX0940,5493205,5493205
ZsuDZSvA8EgEdJppb,2100272,STENT CAROTIDEO CGUAR 9MM X 60MM REFCRX0960,5493205,5493205
rufB7SYXLZoruS52p,2100273,STENT CAROTIDEO WALLSTENT MONORAIL 7 X 30 REF H965SCH647070,5493205,5493205
cJNvXwvtZPeCiY87r,2100274,STENT CAROTIDEO WALLSTENT MONORAIL 7 X 40 REF H965SCH647080,5493205,5493205
5wJTjDZgaWKXkbokx,2100275,STENT CAROTIDEO X-ACT 30X10-8 REFXRX03010T,5493205,5493205
m2EN7qqQv7A9kRqk3,2100276,STENT CAROTIDEO X-ACT 30X8-6 REFXRX03008T,5493205,5493205
gJzqijKStYTTFENQp,2100277,STENT CAROTIDEO X-ACT 30X9-7 REFXRX03009T,5493205,5493205
2QPELDK2JfjPXZ9Hp,2100278,STENT CAROTIDEO X-ACT 40X10-8 REFXRX04010T,5493205,5493205
uhAaDW8mqbg8unkox,2100279,STENT CAROTIDEO X-ACT 40X8-6 REFXRX04008T,5493205,5493205
GawA4FSi3tReZCBi5,2100280,STENT CAROTIDEO X-ACT 40X9-7 REFXRX04009T,5493205,5493205
87LHTpkGLuQu4Zg3i,2100281,STENT CROTIDEO CASPER 7MM X 30MM X 143CM REFCPR-0730-143RX,5493205,5493205
sa5Xbz4cmktZM2QiX,2100282,STENT DE SOPORTE INTRALUMINAL LVIS JR 35 X 28 MM REF172530-CASJ,17608000,17608000
Mc4ifr47RXrvHecdz,2100283,STENT INTRACRANEANAL LVIS BLUE VARIAS MEDIDAS,17608000,17608000
BE6KJGDvTXQifcCJy,2100284,STENT INTRACRANEANAL LVIS JR 35MM X 23MM X 19MM REF 172524-CASJ,17608000,17608000
zJ2uoy5ZhP2j3j2qJ,2100285,STENT LVIS - DISPOSITIVO DE SOPORTE INTRALUMINAL 35 MM X 15MM REF 212525-CAS,16960000,16960000
J5RZXFu2wa7fTheJQ,2100286,STENT LVIS - DISPOSITIVO DE SOPORTE INTRALUMINAL 35MM X 15MM REF 212517-CAS,16960000,16960000
Dj9xvbg9ncZWpHxu4,2100287,STENT LVIS - DISPOSITIVO DE SOPORTE INTRALUMINAL 45MM X 12MM REF 213015-CAS,16960000,16960000
oA7maJDqEQkqP2b5H,2100288,STENT LVIS - DISPOSITIVO DE SOPORTE INTRALUMINAL 45MM X 19MM 213025-CAS,16960000,16960000
KXX2Ldp7j8o6F7jXe,2100289,STENT LVIS - DISPOSITIVO DE SOPORTE INTRALUMINAL 45MM X 30MM 213041-CAS,16960000,16960000
4kkKmwQ4TejHJhY2A,2100290,STENT LVIS - DISPOSITIVO DE SOPORTE INTRALUMINAL 55MM X 23MM 214035-CAS,16960000,16960000
5J8ZqWQyiMJcQ8Ee6,2100291,STENT LVIS - DISPOSITIVO DE SOPORTE INTRALUMINAL 55MM X 30MM 214049-CAS,16960000,16960000
y84nQ6rXYcBW7WDeA,2100292,STENT LVIS JR - DISPOSITIVO DE SOPORTE INTRALUMINAL  25MM X 17MM 172014-CASJ,16960000,16960000
6FwPF5r7mTXvQE9we,2100293,STENT LVIS JR - DISPOSITIVO DE SOPORTE INTRALUMINAL 25MM X 23MM 172020-CASJ,16960000,16960000
9dcYXZDZZpchgFWfS,2100294,STENT LVIS JR - DISPOSITIVO DE SOPORTE INTRALUMINAL 35MM X 14MM 172516-CASJ,16960000,16960000
7kWLdkhJ94MYAh6gL,2100295,STENT LVIS JR - DISPOSITIVO DE SOPORTE INTRALUMINAL 35MM X 19MM 172524-CASJ,16960000,16960000
bDSzFwukAb2QcEAz2,2100296,STENT NV MODELO NEUROFORM ATLAS 30 REF69M003EZAS30150,15884800,15884800
ijkbyAihfCwfZ8vv3,2100297,STENT NV MODELO NEUROFORM ATLAS 30 REF69M003EZAS30210,15884800,15884800
TPynN3dsC7iDopYNC,2100298,STENT NV MODELO NEUROFORM ATLAS 30 REF69M003EZAS30240,15884800,15884800
tdZuvMC3gd7PNFqaP,2100299,STENT NV MODELO NEUROFORM ATLAS 40 REF69M003EZAS40150,15884800,15884800
Ch3LBbMJMWvcwaiQi,2100300,STENT NV MODELO NEUROFORM ATLAS 40 REF69M003EZAS40210,15884800,15884800
E8LqcnXCj7epXCixX,2100301,STENT NV MODELO NEUROFORM ATLAS 40 REF69M003EZAS40240,15884800,15884800
FsSAFDE8qq5jkYuef,2100302,STENT NV MODELO NEUROFORM ATLAS 40 REF69M003EZAS40300,15884800,15884800
H9o9Sg2i3fEGea8Yk,2100303,STENT NV MODELO NEUROFORM ATLAS 45 REF69M003EZAS45210,15884800,15884800
PqNFhxYJBmTQz9BJq,2100304,STENT NV MODELO NEUROFORM ATLAS 45 REF69M003EZAS45300,15884800,15884800
wNqfDqww8RpTS9FcH,2100305,STENT NV MODELO WINGSPAN 25 MM X 20 REF69M003WE0250200,17433600,17433600
43J5nLoKivqKhzKuX,2100306,STENT NV MODELO WINGSPAN 35 MM X 20 REF69M003WE0350200,17433600,17433600
YnLMSnQzRPTogQSj2,2100307,STENT NV MODELO WINGSPAN 40 MM X 20 REF69M003WE0400200,17433600,17433600
WjqQ9iGJLZ3XPYsE4,2100308,STENT PERIFERICCO AUTOEXPANDIBLE EPIC OUS VAS 10X100X120 REF H74939054101020,3955200,3955200
n2EwWPKRjwtJyxJQx,2100309,STENT PERIFERICCO AUTOEXPANDIBLE EPIC OUS VAS 10X20X120 REF H74939054102020,3955200,3955200
eYJfcHZAFRQsdHXnh,2100310,STENT PERIFERICCO AUTOEXPANDIBLE EPIC OUS VAS 10X30X120 REF H74939054103020,3955200,3955200
SFLP7TXaxBJSMfDxT,2100311,STENT PERIFERICCO AUTOEXPANDIBLE EPIC OUS VAS 10X40X120 REF H74939054104020,3955200,3955200
aB7WFZD9QuHcRYZvd,2100312,STENT PERIFERICCO AUTOEXPANDIBLE EPIC OUS VAS 10X50X120 REF H74939054105020,3955200,3955200
zsFkMjkrMmC3bvc73,2100313,STENT PERIFERICCO AUTOEXPANDIBLE EPIC OUS VAS 10X60X120 REF H74939054106020,3955200,3955200
jGzK8SzZPrB2wpo7a,2100314,STENT PERIFERICCO AUTOEXPANDIBLE EPIC OUS VAS 10X70X120 REF H74939054107020,3955200,3955200
iLDAocCxhPPd4kzFn,2100315,STENT PERIFERICCO AUTOEXPANDIBLE EPIC OUS VAS 10X80X120 REF H74939054108020,3955200,3955200
dWtG3JvGuhFbpg8xo,2100316,STENT PERIFERICCO AUTOEXPANDIBLE EPIC OUS VAS 12X30X120 REF H74939054123020,3955200,3955200
fCmGW5g9PjY9oGb8S,2100317,STENT PERIFERICCO AUTOEXPANDIBLE EPIC OUS VAS 12X40X120 REF H74939054124020,3955200,3955200
8Sw7NkrJuHWpBFSwc,2100318,STENT PERIFERICCO AUTOEXPANDIBLE EPIC OUS VAS 12X50X120 REF H74939054125020,3955200,3955200
3ZFrFnJboGxCsNbmT,2100319,STENT PERIFERICCO AUTOEXPANDIBLE EPIC OUS VAS 12X60X120 REF H74939054126020,3955200,3955200
KurSZNWQZwTGpRrJr,2100320,STENT PERIFERICCO AUTOEXPANDIBLE EPIC OUS VAS 14X30X120 REF H74939054143020,3955200,3955200
Sh6NiZAeLXKyrZhn8,2100321,STENT PERIFERICCO AUTOEXPANDIBLE EPIC OUS VAS 14X40X120 REF H74939054144020,3955200,3955200
hyN2FsQniodEN8kku,2100322,STENT PERIFERICCO AUTOEXPANDIBLE EPIC OUS VAS 14X50X120 REF H74939054145020,3955200,3955200
FjjyeHnrDFPtskaTK,2100323,STENT PERIFERICCO AUTOEXPANDIBLE EPIC OUS VAS 14X60X120 REF H74939054146020,3955200,3955200
rFkokd62jWotwggdQ,2100324,STENT PERIFERICCO AUTOEXPANDIBLE EPIC OUS VAS 5X100X120 REF H74939054051020,3955200,3955200
F8ovwjnTAguThJ73d,2100325,STENT PERIFERICCO AUTOEXPANDIBLE EPIC OUS VAS 5X120X120 REF H74939054051220,3955200,3955200
XqvBo3hfvsfbRzAnT,2100326,STENT PERIFERICCO AUTOEXPANDIBLE EPIC OUS VAS 5X20X120 REF H74939054052020,3955200,3955200
YfMDtprMYdC8iGSgf,2100327,STENT PERIFERICCO AUTOEXPANDIBLE EPIC OUS VAS 5X30X120 REF H74939054053020,3955200,3955200
NQXWk4vAghEGQDHKg,2100328,STENT PERIFERICCO AUTOEXPANDIBLE EPIC OUS VAS 5X40X120 REF H74939054054020,3955200,3955200
ovreqMvRYEBy68qPi,2100329,STENT PERIFERICCO AUTOEXPANDIBLE EPIC OUS VAS 5X50X120 REF H74939054055020,3955200,3955200
RaJCDrCd932Cx7dRw,2100330,STENT PERIFERICCO AUTOEXPANDIBLE EPIC OUS VAS 5X60X120 REF H74939054056020,3955200,3955200
8Y9dQYwjzGtbADaq4,2100331,STENT PERIFERICCO AUTOEXPANDIBLE EPIC OUS VAS 5X70X120 REF H74939054057020,3955200,3955200
jojMzLoS4f9bswRoR,2100332,STENT PERIFERICCO AUTOEXPANDIBLE EPIC OUS VAS 5X80X120 REF H74939054058020,3955200,3955200
PpgtWa9P27iD6Xk5q,2100333,STENT PERIFERICCO AUTOEXPANDIBLE EPIC OUS VAS 6X100X120 REF H74939054061020,3955200,3955200
me3EW5YYobEvxybmD,2100334,STENT PERIFERICCO AUTOEXPANDIBLE EPIC OUS VAS 6X120X120 REF H74939054061220,3955200,3955200
PpmKXrHwyrYqEQ7RX,2100335,STENT PERIFERICCO AUTOEXPANDIBLE EPIC OUS VAS 6X20X120 REF H74939054062020,3955200,3955200
7ryXj2mNyo2cBNqAL,2100336,STENT PERIFERICCO AUTOEXPANDIBLE EPIC OUS VAS 6X30X120 REF H74939054063020,3955200,3955200
xg2sSL2Pq2nsqaSkH,2100337,STENT PERIFERICCO AUTOEXPANDIBLE EPIC OUS VAS 6X40X120 REF H74939054064020,3955200,3955200
qwvbE8uthdxH6A9fD,2100338,STENT PERIFERICCO AUTOEXPANDIBLE EPIC OUS VAS 6X50X120 REF H74939054065020,3955200,3955200
AMDgNTnPeTYM3MBrz,2100339,STENT PERIFERICCO AUTOEXPANDIBLE EPIC OUS VAS 6X60X120 REF H74939054066020,3955200,3955200
suCnumF2K6HMMCdpT,2100340,STENT PERIFERICCO AUTOEXPANDIBLE EPIC OUS VAS 6X70X120 REF H74939054067020,3955200,3955200
BAWBdNxfwRbJmxZkq,2100341,STENT PERIFERICCO AUTOEXPANDIBLE EPIC OUS VAS 6X80X120 REF H74939054068020,3955200,3955200
8vEyiuArRB7dKEgCn,2100342,STENT PERIFERICCO AUTOEXPANDIBLE EPIC OUS VAS 7X100X120 REF H74939054071020,3955200,3955200
ZKM48zEoG9obD7Z2h,2100343,STENT PERIFERICCO AUTOEXPANDIBLE EPIC OUS VAS 7X120X120 REF H74939054071220,3955200,3955200
sT5TwuCLdjgZDQJoL,2100344,STENT PERIFERICCO AUTOEXPANDIBLE EPIC OUS VAS 7X20X120 REF H74939054072020,3955200,3955200
2XpgxnGumR7nXwNuM,2100345,STENT PERIFERICCO AUTOEXPANDIBLE EPIC OUS VAS 7X30X120 REF H74939054073020,3955200,3955200
ACxMisLcbyu9m8NEM,2100346,STENT PERIFERICCO AUTOEXPANDIBLE EPIC OUS VAS 7X40X120 REF H74939054074020,3955200,3955200
fTeuFvtjgkjyPTFjG,2100347,STENT PERIFERICCO AUTOEXPANDIBLE EPIC OUS VAS 7X50X120 REF H74939054075020,3955200,3955200
PooWwixcbL67M2hZA,2100348,STENT PERIFERICCO AUTOEXPANDIBLE EPIC OUS VAS 7X60X120 REF H74939054076020,3955200,3955200
8DrkyjHJpE7TDPQ8Y,2100349,STENT PERIFERICCO AUTOEXPANDIBLE EPIC OUS VAS 7X70X120 REF H74939054077020,3955200,3955200
XuNDYtnvDk9gaxqWE,2100350,STENT PERIFERICCO AUTOEXPANDIBLE EPIC OUS VAS 7X80X120 REF H74939054078020,3955200,3955200
go5fYcfXy2xozLSGZ,2100351,STENT PERIFERICCO AUTOEXPANDIBLE EPIC OUS VAS 8X100X120 REF H74939054081020,3955200,3955200
kZbpo2CbG6ftNXsti,2100352,STENT PERIFERICCO AUTOEXPANDIBLE EPIC OUS VAS 8X120X120 REF H74939054081220,3955200,3955200
NdbevNof54wpwM2wv,2100353,STENT PERIFERICCO AUTOEXPANDIBLE EPIC OUS VAS 8X20X120 REF H74939054082020,3955200,3955200
rFeXHuEyLkFPWkeA6,2100354,STENT PERIFERICCO AUTOEXPANDIBLE EPIC OUS VAS 8X30X120 REF H74939054083020,3955200,3955200
pYg5j4WbjSz3QX9n8,2100355,STENT PERIFERICCO AUTOEXPANDIBLE EPIC OUS VAS 8X40X120 REF H74939054084020,3955200,3955200
XZcztTHSSS8HJPwAE,2100356,STENT PERIFERICCO AUTOEXPANDIBLE EPIC OUS VAS 8X50X120 REF H74939054085020,3955200,3955200
uNajN2xWfsSwr2zHr,2100357,STENT PERIFERICCO AUTOEXPANDIBLE EPIC OUS VAS 8X60X120 REF H74939054086020,3955200,3955200
Kx8Bd5izQzLFs9dT7,2100358,STENT PERIFERICCO AUTOEXPANDIBLE EPIC OUS VAS 8X70X120 REF H74939054087020,3955200,3955200
wPbYApb8GT8dF8QoQ,2100359,STENT PERIFERICCO AUTOEXPANDIBLE EPIC OUS VAS 8X80X120 REF H74939054088020,3955200,3955200
heGQhdK9fEWttBXow,2100360,STENT PERIFERICCO AUTOEXPANDIBLE EPIC OUS VAS 9X100X120 REF H74939054091020,3955200,3955200
sjKNgB9e7JddC6kKJ,2100361,STENT PERIFERICCO AUTOEXPANDIBLE EPIC OUS VAS 9X20X120 REF H74939054092020,3955200,3955200
rJkKeb5KJwAaYZ8jd,2100362,STENT PERIFERICCO AUTOEXPANDIBLE EPIC OUS VAS 9X30X120 REF H74939054093020,3955200,3955200
BPCMaRXrxEcy26wF3,2100363,STENT PERIFERICCO AUTOEXPANDIBLE EPIC OUS VAS 9X40X120 REF H74939054094020,3955200,3955200
xSACpxDJMezyxSC9r,2100364,STENT PERIFERICCO AUTOEXPANDIBLE EPIC OUS VAS 9X50X120 REF H74939054095020,3955200,3955200
Fw8wno6mWSYA4HbhN,2100365,STENT PERIFERICCO AUTOEXPANDIBLE EPIC OUS VAS 9X60X120 REF H74939054096020,3955200,3955200
3kLBNpqBAmhJRWALd,2100366,STENT PERIFERICCO AUTOEXPANDIBLE EPIC OUS VAS 9X70X120 REF H74939054097020,3955200,3955200
NqLud2RqEXCj7eQYQ,2100367,STENT PERIFERICCO AUTOEXPANDIBLE EPIC OUS VAS 9X80X120 REF H74939054098020,3955200,3955200
KTLMwz476vpkjsjJy,2100368,STENT PERIFERICO AUTOEXPANDIBLE EVERFLEX SELF  5MM X 100MM X 120CM REFEVX35-05-100-120,3315000,3315000
rJ3mfwdZRfZCpuNQ5,2100369,STENT PERIFERICO AUTOEXPANDIBLE EVERFLEX SELF  5MM X 60MM X 120CM REFEVX35-05-060-120,3315000,3315000
2WXct7R3NxxtxCYph,2100370,STENT PERIFERICO AUTOEXPANDIBLE EVERFLEX SELF  6MM X 150MM X 120CM REFEVX35-06-150-120,3315000,3315000
DzuGqpA5AJ9JNq5wF,2100371,STENT PERIFERICO AUTOEXPANDIBLE EVERFLEX SELF  6MM X 60MM X 120CM REFEVX35-06-060-120,3315000,3315000
7tZK6p5xXQyjz59JA,2100372,STENT PERIFERICO AUTOEXPANDIBLE EVERFLEX SELF  6MM X 80MM X 120CM REFEVX35-06-080-120,3315000,3315000
JKguZ3PfaJXiJW7nX,2100373,STENT PERIFERICO AUTOEXPANDIBLE EVERFLEX SELF 5MM X 120MM X 120CM REFEVX35-05-120-120,3315000,3315000
y9Ba6AjaNJKEqi5oA,2100374,STENT PERIFERICO AUTOEXPANDIBLE EVERFLEX SELF 5MM X 150MM X 120CM REFEVX35-05-150-120,3315000,3315000
hspaw2zDZwnC2gPGF,2100375,STENT PERIFERICO BILIAR ELUMINEXX®  - 10 MM X 60 MM 60 CM REFZBS10060,5584000,5584000
eXZS6XLBWD4RtKvDR,2100376,STENT PERIFERICO BILIAR ELUMINEXX® - 10 MM X 80 MM 60 CM REFZBS10080,5584000,5584000
6GG3efTSn5TRn9Adb,2100377,STENT PERIFERICO CUBIERTO LIFESTREAM - 6MM X 37MM X 135CM REF LSM1350637,8480000,8480000
Fajm9kYJykvJr2u6j,2100378,STENT PERIFERICO CUBIERTO LIFESTREAM - 6MM X 58MM X 135CM REF LSM1350658,8480000,8480000
DhmSZ2E99BNa8h5Nf,2100379,STENT PERIFERICO CUBIERTO LIFESTREAM - 7MM X 37MM X 135CM REF LSM1350737,8480000,8480000
iHhZ6YjHD7eDCTrTW,2100380,STENT PERIFERICO CUBIERTO LIFESTREAM - 7MM X 58MM X 135CM REF LSM1350758,8480000,8480000
M8etSJpCv3rgA2A6e,2100381,STENT PERIFERICO CUBIERTO LIFESTREAM - 8MM X 37MM X 135CM REF LSM1350837,8480000,8480000
w8uFzwqj9iz5JdaKm,2100382,STENT PERIFERICO CUBIERTO LIFESTREAM - 8MM X 58MM X 135CM REF LSM1350858,8480000,8480000
CJQkKMJKd8cbSpmLt,2100383,STENT PERIFERICO CUBIERTO LIFESTREAM - 9MM X 38MM X 135CM REF LSM1350938,8480000,8480000
7c4ZsNEhREC6wjQZM,2100384,STENT PERIFERICO CUBIERTO LIFESTREAM - 9MM X 58MM X 135CM REF LSM1350958,8480000,8480000
drZdLxgsDXDycdvZT,2100385,STENT PERIFERICO ELUMINEXX® 10 MM X 40 MM 135 CM REFZVL10040,5584000,5584000
FwSrAFXC2myGCJMQ9,2100386,STENT PERIFERICO ELUMINEXX® 10 MM X 60 MM 135 CM REFZVL10060,5584000,5584000
vprxcetwLs748M5CJ,2100387,STENT PERIFERICO ELUMINEXX® 10 MM X 80 MM 135 CM REFZVL10080,5584000,5584000
cowJJ7ygWEbczcfxd,2100388,STENT PERIFERICO ELUMINEXX® 12 MM X 100 MM 135 CM REFZVL12100,5584000,5584000
DKDDAoZNb4k9mNeCd,2100389,STENT PERIFERICO ELUMINEXX® 12 MM X 60 MM 135 CM REFZVL12060,5584000,5584000
n9Td2EFaAGiHqYoWn,2100390,STENT PERIFERICO ELUMINEXX® 12 MM X 80 MM 135 CM REFZVL12080,5584000,5584000
8xB9kh5E68c8ageJq,2100391,STENT PERIFERICO ELUMINEXX® 14 MM X 100 MM 135 CM REFZVL14100,5584000,5584000
7b4xtmGB7zZCHwHqo,2100392,STENT PERIFERICO ELUMINEXX® 14 MM X 40 MM 135 CM REFZVL14040,5584000,5584000
7gzRhAPgMMqv67ESr,2100393,STENT PERIFERICO ELUMINEXX® 14 MM X 60 MM 135 CM REFZVL14060,5584000,5584000
BPt5iLrXXfek63Lwv,2100394,STENT PERIFERICO ELUMINEXX® 14 MM X 80 MM 135 CM REFZVL14080,5584000,5584000
QjbnhaKHhayZP5dqA,2100395,STENT PERIFERICO ELUMINEXX® 6 MM X 60 MM 135 CM REFZVL06060,5584000,5584000
PNEBzu4YcAgNimBoa,2100396,STENT PERIFERICO ELUMINEXX® 7 MM X 100 MM 135 CM REFZVL07100,5584000,5584000
Xjn3JiyLsrpDBHTdw,2100397,STENT PERIFERICO ELUMINEXX® 7 MM X 40 MM 135 CM REFZVL07040,5584000,5584000
PrapjKweN3iSFu6hq,2100398,STENT PERIFERICO ELUMINEXX® 7 MM X 80 MM 135 CM REFZVL07080,5584000,5584000
rEWhutzvGNt2ZyGcj,2100399,STENT PERIFERICO ELUMINEXX® 8 MM X 100 MM 135 CM REFZVL08100,5584000,5584000
Ketyrt2nuR25WTL3J,2100400,STENT PERIFERICO ELUMINEXX® 8 MM X 40 MM 135 CM REFZVL08040,5584000,5584000
7vrrDATumrSrrDGry,2100401,STENT PERIFERICO ELUMINEXX® 8 MM X 60 MM 135 CM REFZVL08060,5584000,5584000
ByQozPTjRs6MmNsJg,2100402,STENT PERIFERICO ELUMINEXX® 8 MM X 80 MM 135 CM REFZVL08080,5584000,5584000
c6NJL6vR4PANxMQqS,2100403,STENT PERIFERICO ELUMINEXX® 9 MM X 100 MM 135 CM REFZVL09100,5584000,5584000
ECAt24CeG5kzWoEoS,2100404,STENT PERIFERICO ELUMINEXX® 9 MM X 60 MM 135 CM REFZVL09060,5584000,5584000
cDwK4d4d4maxKEp8p,2100405,STENT PERIFERICO ELUMINEXX® 9 MM X 80 MM 135 CM REFZVL09080,5584000,5584000
eKfFfDewnfF9b2NZN,2100406,STENT PERIFERICO FLUENCY® 10 MM X 100 MM 117 CM 9FR REFFVL10100,8688000,8688000
KW2z8YPZXBJRsmqe7,2100407,STENT PERIFERICO FLUENCY® 10 MM X 120 MM 117 CM 9FR REFFVL10120,8688000,8688000
QAhbzmWLAwhD3g8LZ,2100408,STENT PERIFERICO FLUENCY® 10 MM X 40 MM 117 CM 9FR REFFVL10040,8688000,8688000
NkvxRbZni8f3KTnKG,2100409,STENT PERIFERICO FLUENCY® 12 MM X 100 MM 117 CM 10 FR REFFVL12100,8688000,8688000
qdJhPGXHbE92XTARD,2100410,STENT PERIFERICO FLUENCY® 12 MM X 80 MM 117 CM 10 FR REFFVL12080,8688000,8688000
SC5zqSXwgEEejPgba,2100411,STENT PERIFERICO FLUENCY® 5 MM X 80 MM 117 CM 8 FR REFFVL05080,8688000,8688000
zMNEayD9k7PP8t5F8,2100412,STENT PERIFERICO FLUENCY® 6 MM X 100 MM 117 CM 8 FR REFFVL06100,8688000,8688000
3Dn7yxyPujYZoPKr6,2100413,STENT PERIFERICO FLUENCY® 6 MM X 40 MM 117 CM 8 FR REFFVL06040,8688000,8688000
6ZApffBCC4dMYriLx,2100414,STENT PERIFERICO FLUENCY® 6 MM X 80 MM 117 CM 8 FR REFFVL06080,8688000,8688000
7WiBbeoaeJH4RoBy5,2100415,STENT PERIFERICO FLUENCY® 7 MM X 100 MM 117 CM 9 FR REFFVL07100,8688000,8688000
rpikTfBa3im3KEge8,2100416,STENT PERIFERICO FLUENCY® 8 MM X 100 MM 117 CM 9FR REFFVL08100,8688000,8688000
objyTeBLNMv6YayY8,2100417,STENT PERIFERICO FLUENCY® 8 MM X 40 MM 117 CM 9FR REFFVL08040,8688000,8688000
inkD5pyQaNtcXBSFx,2100418,STENT PERIFERICO FLUENCY® 9 MM X 100 MM 117 CM 9FR REFFVL09100,8688000,8688000
vdcrn7f65QeuMSY2H,2100419,STENT PERIFERICO INNOVA 5MM X 120MM X 130MM REF:H74939181051230,5471360,5471360
aWov8JbLi9ZFdAgih,2100420,STENT PERIFERICO INNOVA 5MM X 150MM X 130MM REF:H74939181051530,5471360,5471360
3uY2PJBR29YmkgqRt,2100421,STENT PERIFERICO INNOVA 6MM X 100MM X 130MM REF:H74939181061030,5471360,5471360
QiMdCbsbMtJ8G2jfh,2100422,STENT PERIFERICO INNOVA 6MM X 150MM X 130MM REF:H74939181061530,5471360,5471360
AQS4DaddaQ8mfs7zc,2100423,STENT PERIFERICO INNOVA 7MM X 150MM X 130MM REF:H74939181071530,5471360,5471360
bizbhhSoHmLvhdwHP,2100424,STENT PERIFERICO INNOVA 8MM X 100MM X 130MM REF:H74939181081030,5471360,5471360
9Kk8azZi3zJbgPwwM,2100425,STENT PERIFERICO INNOVA 8MM X 120MM X 130MM REF:H74939181081230,5471360,5471360
raMgLW6ircm2qSi7b,2100426,STENT PERIFERICO IVOLUTION AUTOEXPANDIBLE 10X100MM  SPNBC35080100100,3060000,3060000
7WDdXhEoCYXWyrSY7,2100427,STENT PERIFERICO IVOLUTION AUTOEXPANDIBLE 10X100MM  SPNBC35140100100,3060000,3060000
ZxqWox6Cc67N5grbo,2100428,STENT PERIFERICO IVOLUTION AUTOEXPANDIBLE 10X40MM  SPNBC35080100040,3060000,3060000
me8Bgx4xdRyx2MfgK,2100429,STENT PERIFERICO IVOLUTION AUTOEXPANDIBLE 10X40MM  SPNBC35140100040,3060000,3060000
cHtiZqT3Bhrfeo4AH,2100430,STENT PERIFERICO IVOLUTION AUTOEXPANDIBLE 10X60MM  SPNBC35080100060,3060000,3060000
CDeZaknAbnsms3sA2,2100431,STENT PERIFERICO IVOLUTION AUTOEXPANDIBLE 10X60MM  SPNBC35140100060,3060000,3060000
HXq3yLrBZGAphh38t,2100432,STENT PERIFERICO IVOLUTION AUTOEXPANDIBLE 10X80MM  SPNBC35080100080,3060000,3060000
hXpEd3b43P6JAn6wo,2100433,STENT PERIFERICO IVOLUTION AUTOEXPANDIBLE 10X80MM  SPNBC35140100080,3060000,3060000
tsuezzJ8fgd27MEmj,2100434,STENT PERIFERICO IVOLUTION AUTOEXPANDIBLE 5X100MM  SPNBC35080050100,3060000,3060000
CqMquMKakhitd9z7H,2100435,STENT PERIFERICO IVOLUTION AUTOEXPANDIBLE 5X100MM  SPNBC35140050100,3060000,3060000
T9qNNuLejucv8FZtd,2100436,STENT PERIFERICO IVOLUTION AUTOEXPANDIBLE 5X150MM  SPNBC35080050150,3060000,3060000
kDWGEbH45T9imAgts,2100437,STENT PERIFERICO IVOLUTION AUTOEXPANDIBLE 5X150MM  SPNBC35140050150,3060000,3060000
5DdQLN45pirp7mnCT,2100438,STENT PERIFERICO IVOLUTION AUTOEXPANDIBLE 5X200MM  SPNBC35080050200,3060000,3060000
6oG6yiJcEYbPzvCQS,2100439,STENT PERIFERICO IVOLUTION AUTOEXPANDIBLE 5X200MM  SPNBC35140050200,3060000,3060000
EaQPutiis6yJbXr8c,2100440,STENT PERIFERICO IVOLUTION AUTOEXPANDIBLE 5X40MM  SPNBC35140050040,3060000,3060000
j8HTQxMQWJ6RFfSfG,2100441,STENT PERIFERICO IVOLUTION AUTOEXPANDIBLE 5X40MM REFSPNBC35080050040,3060000,3060000
EcYjnmSzQ5srDK3jE,2100442,STENT PERIFERICO IVOLUTION AUTOEXPANDIBLE 5X60MM  SPNBC35080050060,3060000,3060000
Cy8GPBENEmDczfeDx,2100443,STENT PERIFERICO IVOLUTION AUTOEXPANDIBLE 5X60MM  SPNBC35140050060,3060000,3060000
aJAXi87E7T9v6jtgq,2100444,STENT PERIFERICO IVOLUTION AUTOEXPANDIBLE 5X80MM  SPNBC35080050080,3060000,3060000
SgppPMQ5a2vxasKyK,2100445,STENT PERIFERICO IVOLUTION AUTOEXPANDIBLE 5X80MM  SPNBC35140050080,3060000,3060000
9CW3FpR6oiPA9kspx,2100446,STENT PERIFERICO IVOLUTION AUTOEXPANDIBLE 6X100MM  SPNBC35080060100,3060000,3060000
HXYEmMAtDuYCsvdKi,2100447,STENT PERIFERICO IVOLUTION AUTOEXPANDIBLE 6X100MM  SPNBC35140060100,3060000,3060000
BsGMvQeM8ZqhRMpnd,2100448,STENT PERIFERICO IVOLUTION AUTOEXPANDIBLE 6X150MM  SPNBC35080060150,3060000,3060000
PDtYzhKPwzdFQZGXJ,2100449,STENT PERIFERICO IVOLUTION AUTOEXPANDIBLE 6X150MM  SPNBC35140060150,3060000,3060000
iTPPLfJJ3gbKtKJLA,2100450,STENT PERIFERICO IVOLUTION AUTOEXPANDIBLE 6X200MM  SPNBC35080060200,3060000,3060000
io96LurCJXjjP9g4B,2100451,STENT PERIFERICO IVOLUTION AUTOEXPANDIBLE 6X200MM  SPNBC35140060200,3060000,3060000
tN3HPqCAp4GmdAqkS,2100452,STENT PERIFERICO IVOLUTION AUTOEXPANDIBLE 6X40MM  SPNBC35080060040,3060000,3060000
SewFH62p2uveZbAbn,2100453,STENT PERIFERICO IVOLUTION AUTOEXPANDIBLE 6X40MM  SPNBC35140060040,3060000,3060000
DY2AgwmEdNCcxL5JR,2100454,STENT PERIFERICO IVOLUTION AUTOEXPANDIBLE 6X60MM  SPNBC35080060060,3060000,3060000
fNG9dgnEkjtf8uSbp,2100455,STENT PERIFERICO IVOLUTION AUTOEXPANDIBLE 6X60MM  SPNBC35140060060,3060000,3060000
64ePqAL5E957sRZiw,2100456,STENT PERIFERICO IVOLUTION AUTOEXPANDIBLE 6X80MM  SPNBC35080060080,3060000,3060000
zLRPsfD8RnJ8S453j,2100457,STENT PERIFERICO IVOLUTION AUTOEXPANDIBLE 6X80MM  SPNBC35140060080,3060000,3060000
avFYGf7PhQRZHc8qT,2100458,STENT PERIFERICO IVOLUTION AUTOEXPANDIBLE 7X100MM  SPNBC35080070100,3060000,3060000
ppj3jXyjMiKMCNxLy,2100459,STENT PERIFERICO IVOLUTION AUTOEXPANDIBLE 7X100MM  SPNBC35140070100,3060000,3060000
J5HCXujwQbryRfoKo,2100460,STENT PERIFERICO IVOLUTION AUTOEXPANDIBLE 7X150MM  SPNBC35080070150,3060000,3060000
h6Ldf9N3yN6q6HHPt,2100461,STENT PERIFERICO IVOLUTION AUTOEXPANDIBLE 7X150MM  SPNBC35140070150,3060000,3060000
EZrEC4raGXKjn24nj,2100462,STENT PERIFERICO IVOLUTION AUTOEXPANDIBLE 7X200MM  SPNBC35080070200,3060000,3060000
SPbEzYbyfvYFa2kjP,2100463,STENT PERIFERICO IVOLUTION AUTOEXPANDIBLE 7X200MM  SPNBC35140070200,3060000,3060000
ZA58ZBgcnkPuvvTeE,2100464,STENT PERIFERICO IVOLUTION AUTOEXPANDIBLE 7X40MM  SPNBC35080070040,3060000,3060000
jxsiaPh7ziC5kKvxt,2100465,STENT PERIFERICO IVOLUTION AUTOEXPANDIBLE 7X40MM  SPNBC35140070040,3060000,3060000
Kt9ojFDqzpmmffzzF,2100466,STENT PERIFERICO IVOLUTION AUTOEXPANDIBLE 7X60MM  SPNBC35080070060,3060000,3060000
FDpodQnLHMbq25nDt,2100467,STENT PERIFERICO IVOLUTION AUTOEXPANDIBLE 7X60MM  SPNBC35140070060,3060000,3060000
6GxsC5ZMAWusJrTQq,2100468,STENT PERIFERICO IVOLUTION AUTOEXPANDIBLE 7X80MM  SPNBC35080070080,3060000,3060000
9BGZ3aKW6Pi5qmYGF,2100469,STENT PERIFERICO IVOLUTION AUTOEXPANDIBLE 7X80MM  SPNBC35140070080,3060000,3060000
PiwwAR6nRWyJfX4bf,2100470,STENT PERIFERICO IVOLUTION AUTOEXPANDIBLE 8X100MM  SPNBC35080080100,3060000,3060000
wLPFpfgcyutkGtdbn,2100471,STENT PERIFERICO IVOLUTION AUTOEXPANDIBLE 8X100MM  SPNBC35140080100,3060000,3060000
hwR3WHL5r2LGhYH2y,2100472,STENT PERIFERICO IVOLUTION AUTOEXPANDIBLE 8X150MM  SPNBC35080080150,3060000,3060000
enQqmmzeTzPpBkAHt,2100473,STENT PERIFERICO IVOLUTION AUTOEXPANDIBLE 8X150MM  SPNBC35140080150,3060000,3060000
xmyz3s43X8ojvZQk5,2100474,STENT PERIFERICO IVOLUTION AUTOEXPANDIBLE 8X40MM  SPNBC35080080040,3060000,3060000
Y7wzwsBYo56bo8RtN,2100475,STENT PERIFERICO IVOLUTION AUTOEXPANDIBLE 8X40MM  SPNBC35140080040,3060000,3060000
Z5gBiuEkjccGcMbMB,2100476,STENT PERIFERICO IVOLUTION AUTOEXPANDIBLE 8X60MM  SPNBC35080080060,3060000,3060000
Y5omYZbApYDyqh3Ke,2100477,STENT PERIFERICO IVOLUTION AUTOEXPANDIBLE 8X60MM  SPNBC35140080060,3060000,3060000
JM3EaDEcoFraodCFu,2100478,STENT PERIFERICO IVOLUTION AUTOEXPANDIBLE 8X80MM  SPNBC35080080080,3060000,3060000
8HXJj2qPrzhzeqN4x,2100479,STENT PERIFERICO IVOLUTION AUTOEXPANDIBLE 8X80MM  SPNBC35140080080,3060000,3060000
6DQDZJRGPDsEWGzBe,2100480,STENT PERIFERICO IVOLUTION AUTOEXPANDIBLE 9X100MM  SPNBC35080090100,3060000,3060000
XHnNpYsC4z7sBEY6N,2100481,STENT PERIFERICO IVOLUTION AUTOEXPANDIBLE 9X100MM  SPNBC35140090100,3060000,3060000
j8K4WsSRdSZHZnHYS,2100482,STENT PERIFERICO IVOLUTION AUTOEXPANDIBLE 9X40MM  SPNBC35080090040,3060000,3060000
9Gf7nid4YB3R4SvGX,2100483,STENT PERIFERICO IVOLUTION AUTOEXPANDIBLE 9X40MM  SPNBC35140090040,3060000,3060000
pzszx2koXoXJ2bgHQ,2100484,STENT PERIFERICO IVOLUTION AUTOEXPANDIBLE 9X60MM  SPNBC35080090060,3060000,3060000
w6mPY2Qerng3NDvfE,2100485,STENT PERIFERICO IVOLUTION AUTOEXPANDIBLE 9X60MM  SPNBC35140090060,3060000,3060000
NvDoEQy5sTtLPEWnX,2100486,STENT PERIFERICO IVOLUTION AUTOEXPANDIBLE 9X80MM  SPNBC35080090080,3060000,3060000
4uNyc2omKxaDzaT8o,2100487,STENT PERIFERICO IVOLUTION AUTOEXPANDIBLE 9X80MM  SPNBC35140090080,3060000,3060000
Mc9FJWvHEufvG8tSM,2100488,STENT PERIFERICO LIFESTENT  - 6 MM X 80 MM 130 CM REF EX060803C,6168000,6168000
6vMkA5LTdSYdJSA5S,2100489,STENT PERIFERICO LIFESTENT - 5 MM X 100 MM 130 CM REF EX051003C,6168000,6168000
uP6FvKXF5tmHTBM89,2100490,STENT PERIFERICO LIFESTENT - 5 MM X 120 MM 130 CM REF EX051203C,6168000,6168000
yTRaDxpAJ6TPqo9bb,2100491,STENT PERIFERICO LIFESTENT - 5 MM X 150 MM 130 CM REF EX051503C,6168000,6168000
9PRyojrNGxu8umh7i,2100492,STENT PERIFERICO LIFESTENT - 5 MM X 170 MM 130 CM REF EX051703C,6168000,6168000
umHAjnW8FA65NxSCL,2100493,STENT PERIFERICO LIFESTENT - 5 MM X 80 MM 130 CM REF EX050803C,6168000,6168000
yQM77xFKq482ZtTuk,2100494,STENT PERIFERICO LIFESTENT - 6 MM X 60 MM 130 CM REF EX060603C,6168000,6168000
jvcse2p8X3aCWg2Wg,2100495,STENT PERIFERICO LIFESTENT XL  - 6 MM X 100 MM 130 CM REF EX061003C,6168000,6168000
K9dDN9MAgx6Jci43J,2100496,STENT PERIFERICO LIFESTENT XL  - 6 MM X 120 MM 130 CM REF EX061203C,6168000,6168000
yctBfP4DdyGZ6LcDB,2100497,STENT PERIFERICO LIFESTENT XL  - 6 MM X 170 MM 130 CM REF EX061703C,6168000,6168000
f6XnEisonv3DkEqLp,2100498,STENT PERIFERICO LIFESTENT XL  - 7 MM X 150 MM 130 CM REF EX071503C,6168000,6168000
QEXx6pm2mjdpkbSfT,2100499,STENT PERIFERICO LIFESTENT XL - 6 MM X 150 MM 130 CM REF EX061503C,6168000,6168000
fwgoAdgaeufD7RQNm,2100500,STENT PERIFERICO LIFESTENT® 5FR 5MM X 100MM 135CM REF 5F051003C,6168000,6168000
6zia5kHhKRXPmy8pS,2100501,STENT PERIFERICO LIFESTENT® 5FR 5MM X 120MM 135CM REF 5F051203C,6168000,6168000
8sYGertH2DRTWXerC,2100502,STENT PERIFERICO LIFESTENT® 5FR 5MM X 150MM 135CM REF 5F051503C,6168000,6168000
uArRrFrJtxcboKdTz,2100503,STENT PERIFERICO LIFESTENT® 5FR 5MM X 170MM 135CM REF 5F051703C,6168000,6168000
6mEtqSr6fogEFohep,2100504,STENT PERIFERICO LIFESTENT® 5FR 5MM X 80MM 135CM REF 5F050803C,6168000,6168000
eyHmFPmBtCsfnvom9,2100505,STENT PERIFERICO LIFESTENT® 5FR 6MM X 60MM 135CM REF 5F060603C,6168000,6168000
ZkuRm5ybumgQnzeWh,2100506,STENT PERIFERICO LIFESTENT® 5FR 7MM X 120MM 135CM REF 5F071203C,6168000,6168000
3KFqbaEdJhxhb749E,2100507,STENT PERIFERICO MEDICADO ANGIOLITE BTK 225X14MM REFSPCDSR14150225014,2890000,2890000
3WpNTeoRWDGyEen6p,2100508,STENT PERIFERICO MEDICADO ANGIOLITE BTK 225X16MM REFSPCDSR14150225016,2890000,2890000
ZMHqCn98jWyyqM74R,2100509,STENT PERIFERICO MEDICADO ANGIOLITE BTK 225X19MM REFSPCDSR14150225019,2890000,2890000
dyGXC3wE4XgfuF974,2100510,STENT PERIFERICO MEDICADO ANGIOLITE BTK 225X24MM REFSPCDSR14150225024,2890000,2890000
fCjXx4KFk5pZZak6D,2100511,STENT PERIFERICO MEDICADO ANGIOLITE BTK 225X29MM REFSPCDSR14150225029,2890000,2890000
3AYKhc23p7CMrNQut,2100512,STENT PERIFERICO MEDICADO ANGIOLITE BTK 225X34MM REFSPCDSR14150225034,2890000,2890000
rPkY6wwmMRCmHn82L,2100513,STENT PERIFERICO MEDICADO ANGIOLITE BTK 225X39MM REFSPCDSR14150225039,2890000,2890000
2ryMYYcTriRereQAz,2100514,STENT PERIFERICO MEDICADO ANGIOLITE BTK 225X9MM REFSPCDSR14150225009,2890000,2890000
LGAm6DinecLXauGBi,2100515,STENT PERIFERICO MEDICADO ANGIOLITE BTK 250X14MM REFSPCDSR14150250014,2890000,2890000
gXz3TQqpBrkud7upo,2100516,STENT PERIFERICO MEDICADO ANGIOLITE BTK 250X16MM REFSPCDSR14150250016,2890000,2890000
wbiyrovEX6SZu8Zre,2100517,STENT PERIFERICO MEDICADO ANGIOLITE BTK 250X19MM REFSPCDSR14150250019,2890000,2890000
8HFYfMgr8zq27nfvK,2100518,STENT PERIFERICO MEDICADO ANGIOLITE BTK 250X24MM REFSPCDSR14150250024,2890000,2890000
Aqb9bHCKxnDwwQmNQ,2100519,STENT PERIFERICO MEDICADO ANGIOLITE BTK 250X29MM REFSPCDSR14150250029,2890000,2890000
6JcsXB5GERvz9XMKf,2100520,STENT PERIFERICO MEDICADO ANGIOLITE BTK 250X34MM REFSPCDSR14150250034,2890000,2890000
td86YTHFY55y3e2dA,2100521,STENT PERIFERICO MEDICADO ANGIOLITE BTK 250X39MM REFSPCDSR14150250039,2890000,2890000
LNxe9hF8w4jcakKar,2100522,STENT PERIFERICO MEDICADO ANGIOLITE BTK 250X9MM REFSPCDSR14150250009,2890000,2890000
BdoACvLmfWQFcjojd,2100523,STENT PERIFERICO MEDICADO ANGIOLITE BTK 275X14MM REFSPCDSR14150275014,2890000,2890000
JoQtHNnBFc3qDYSFc,2100524,STENT PERIFERICO MEDICADO ANGIOLITE BTK 275X16MM REFSPCDSR14150275016,2890000,2890000
4eTj6pcDbmv55fJZK,2100525,STENT PERIFERICO MEDICADO ANGIOLITE BTK 275X19MM REFSPCDSR14150275019,2890000,2890000
bLPmDAMmQ23pFExJB,2100526,STENT PERIFERICO MEDICADO ANGIOLITE BTK 275X24MM REFSPCDSR14150275024,2890000,2890000
jGYjufpBNEKPwWEXr,2100527,STENT PERIFERICO MEDICADO ANGIOLITE BTK 275X29MM REFSPCDSR14150275029,2890000,2890000
Koxm4AbD9ZR6fvPff,2100528,STENT PERIFERICO MEDICADO ANGIOLITE BTK 275X34MM REFSPCDSR14150275034,2890000,2890000
hsxi9cYEBBLLSDWJ6,2100529,STENT PERIFERICO MEDICADO ANGIOLITE BTK 275X39MM REFSPCDSR14150275039,2890000,2890000
xonKHt7uk9hY4uvz8,2100530,STENT PERIFERICO MEDICADO ANGIOLITE BTK 275X9MM REFSPCDSR14150275009,2890000,2890000
B9AZ8ZK7hQEBZSBTT,2100531,STENT PERIFERICO MEDICADO ANGIOLITE BTK 2X14MM REFSPCDSR14150200014,2890000,2890000
LXojnoPpqn9KxvJ66,2100532,STENT PERIFERICO MEDICADO ANGIOLITE BTK 2X16MM REFSPCDSR14150200016,2890000,2890000
dbzSc2ehfCokFcpRY,2100533,STENT PERIFERICO MEDICADO ANGIOLITE BTK 2X19MM REFSPCDSR14150200019,2890000,2890000
89uhQSy74EZiZdtEi,2100534,STENT PERIFERICO MEDICADO ANGIOLITE BTK 2X24MM REFSPCDSR14150200024,2890000,2890000
Qc6esYJvuyN5rMAYM,2100535,STENT PERIFERICO MEDICADO ANGIOLITE BTK 2X29MM REFSPCDSR14150200029,2890000,2890000
nCnbcDkaAQXYxxDx5,2100536,STENT PERIFERICO MEDICADO ANGIOLITE BTK 2X34MM REFSPCDSR14150200034,2890000,2890000
LrrGmB6nBA9CD66p4,2100537,STENT PERIFERICO MEDICADO ANGIOLITE BTK 2X39MM REFSPCDSR14150200039,2890000,2890000
C986dWovx3R8Kr4jS,2100538,STENT PERIFERICO MEDICADO ANGIOLITE BTK 2X9MM REFSPCDSR14150200009,2890000,2890000
bryiFhxYW3ssvnMDr,2100539,STENT PERIFERICO MEDICADO ANGIOLITE BTK 350X14MM REFSPCDSR14150350014,2890000,2890000
yK9GbxahBht7DDaHu,2100540,STENT PERIFERICO MEDICADO ANGIOLITE BTK 350X16MM REFSPCDSR14150350016,2890000,2890000
2heS6ChTy6KSs5m46,2100541,STENT PERIFERICO MEDICADO ANGIOLITE BTK 350X19MM REFSPCDSR14150350019,2890000,2890000
ASAQGzzbj3ERuY7Gq,2100542,STENT PERIFERICO MEDICADO ANGIOLITE BTK 350X24MM REFSPCDSR14150350024,2890000,2890000
A4fLj49Kd2bpgf5A9,2100543,STENT PERIFERICO MEDICADO ANGIOLITE BTK 350X29MM REFSPCDSR14150350029,2890000,2890000
djQBePejTA7u7kGPv,2100544,STENT PERIFERICO MEDICADO ANGIOLITE BTK 350X34MM REFSPCDSR14150350034,2890000,2890000
Ec2bYEN5nq4ytGwsp,2100545,STENT PERIFERICO MEDICADO ANGIOLITE BTK 350X39MM REFSPCDSR14150350039,2890000,2890000
WuJRbXXQCEoRiPmFj,2100546,STENT PERIFERICO MEDICADO ANGIOLITE BTK 350X9MM REFSPCDSR14150350009,2890000,2890000
oAKjLMamMMpRHtLD8,2100547,STENT PERIFERICO MEDICADO ANGIOLITE BTK 3X14MM REFSPCDSR14150300014,2890000,2890000
Nzn37TizozkheYAXX,2100548,STENT PERIFERICO MEDICADO ANGIOLITE BTK 3X16MM REFSPCDSR14150300016,2890000,2890000
TghjuRdtKNoWNC38k,2100549,STENT PERIFERICO MEDICADO ANGIOLITE BTK 3X19MM REFSPCDSR14150300019,2890000,2890000
X8D2yMTY2Wxcve5TF,2100550,STENT PERIFERICO MEDICADO ANGIOLITE BTK 3X24MM REFSPCDSR14150300024,2890000,2890000
S4sCJuPjA6J39mkrz,2100551,STENT PERIFERICO MEDICADO ANGIOLITE BTK 3X29MM REFSPCDSR14150300029,2890000,2890000
MPpP7MFdoovXT7hbK,2100552,STENT PERIFERICO MEDICADO ANGIOLITE BTK 3X34MM REFSPCDSR14150300034,2890000,2890000
wAFcK2XFQEu9ZfHfK,2100553,STENT PERIFERICO MEDICADO ANGIOLITE BTK 3X39MM REFSPCDSR14150300039,2890000,2890000
RaoZ8DtYxtcM6uokL,2100554,STENT PERIFERICO MEDICADO ANGIOLITE BTK 3X9MM REFSPCDSR14150300009,2890000,2890000
5F2egP3syv7QdWvTJ,2100555,STENT PERIFERICO MEDICADO ANGIOLITE BTK 450X14MM REFSPCDSR14150450014,2890000,2890000
7RhYcKgstxd5Cd3Ga,2100556,STENT PERIFERICO MEDICADO ANGIOLITE BTK 450X16MM REFSPCDSR14150450016,2890000,2890000
eKSKAvSTAWf7zTdX9,2100557,STENT PERIFERICO MEDICADO ANGIOLITE BTK 450X19MM REFSPCDSR14150450019,2890000,2890000
zYrwMHMLZbuuxwB6o,2100558,STENT PERIFERICO MEDICADO ANGIOLITE BTK 450X24MM REFSPCDSR14150450024,2890000,2890000
uHiH6TjKGofch9qrx,2100559,STENT PERIFERICO MEDICADO ANGIOLITE BTK 450X29MM REFSPCDSR14150450029,2890000,2890000
j2eT3Ev4hGjbYfjw4,2100560,STENT PERIFERICO MEDICADO ANGIOLITE BTK 450X34MM REFSPCDSR14150450034,2890000,2890000
9PkFxJAGBWhfT5uux,2100561,STENT PERIFERICO MEDICADO ANGIOLITE BTK 450X39MM REFSPCDSR14150450039,2890000,2890000
4SNgb4WnTnjv4DoLB,2100562,STENT PERIFERICO MEDICADO ANGIOLITE BTK 4X14MM REFSPCDSR14150400014,2890000,2890000
Dz2fXBvmbkieyRtDQ,2100563,STENT PERIFERICO MEDICADO ANGIOLITE BTK 4X16MM REFSPCDSR14150400016,2890000,2890000
da5XeixjBNyk9NrcB,2100564,STENT PERIFERICO MEDICADO ANGIOLITE BTK 4X19MM REFSPCDSR14150400019,2890000,2890000
2xaeig6dtKXdT4zFv,2100565,STENT PERIFERICO MEDICADO ANGIOLITE BTK 4X24MM REFSPCDSR14150400024,2890000,2890000
A3sGZjLNv2zfJ4ruh,2100566,STENT PERIFERICO MEDICADO ANGIOLITE BTK 4X29MM REFSPCDSR14150400029,2890000,2890000
FameKR8t2cSezeoDr,2100567,STENT PERIFERICO MEDICADO ANGIOLITE BTK 4X34MM REFSPCDSR14150400034,2890000,2890000
z9GHNuCX6zStKveKf,2100568,STENT PERIFERICO MEDICADO ANGIOLITE BTK 4X39MM REFSPCDSR14150400039,2890000,2890000
BGaQcwNgpfhQBLzkt,2100569,STENT PERIFERICO MEDICADO ANGIOLITE BTK 4X9MM REFSPCDSR14150400009,2890000,2890000
SnaGjuSzyCxiW24BW,2100570,STENT PERIFERICO OMNILINK ELITE 100MMX29MMX135CM REF11013-29,2720000,2720000
PF7S9QACwCYHgiemr,2100571,STENT PERIFERICO OMNILINK ELITE 35 100MMX39MMX135CM REF11013-39,2720000,2720000
c6N82ReEjqQC8tDaB,2100572,STENT PERIFERICO OMNILINK ELITE 35 60MMX29MMX135CM REF11009-29,2720000,2720000
khw5Jrb3iY6P8gw3A,2100573,STENT PERIFERICO OMNILINK ELITE 35 60MMX39MMX135CM REF11009-39,2720000,2720000
Z3QsdbHPpgHHCp9tm,2100574,STENT PERIFERICO OMNILINK ELITE 35 60MMX59MM135CM REF11009-59,2720000,2720000
pfFQQyAAZqyq4Zkgk,2100575,STENT PERIFERICO OMNILINK ELITE 35 70MMX29MMX135CM REF11010-29,2720000,2720000
ej2Qfe77WCi7j8deD,2100576,STENT PERIFERICO OMNILINK ELITE 35 70MMX39MMX135CM REF11010-39,2720000,2720000
DnLj8TcDBrQQmiiti,2100577,STENT PERIFERICO OMNILINK ELITE 35 70MMX59MMX135CM REF11010-59,2720000,2720000
LC36YqfiLqBAfhecX,2100578,STENT PERIFERICO OMNILINK ELITE 35 80MMX29MMX135CM REF11011-29,2720000,2720000
CqRb6R6iSiGTDLXQ2,2100579,STENT PERIFERICO OMNILINK ELITE 35 80MMX39MMX135CM REF11011-39,2720000,2720000
jfh2qKQ7msSZ4jvxz,2100580,STENT PERIFERICO OMNILINK ELITE 35 80MMX59MMX135CM REF11011-59,2720000,2720000
H5t2JLdEr4NpeTgkX,2100581,STENT PERIFERICO OMNILINK ELITE 35 90MMX29MMX135CM REF11012-29,2720000,2720000
JircA5hyZPdThiBLA,2100582,STENT PERIFERICO OMNILINK ELITE 35 90MMX39MMX135CM REF11012-39,2720000,2720000
G2z5suuMdTsFjLtNa,2100583,STENT PERIFERICO OMNILINK ELITE 35 90MMX59MMX135CM REF11012-59,2720000,2720000
XcsCF6ssz8MyaJn3Y,2100584,STENT PERIFERICO PERIFERICO  ABSOLUTE PRO LL/50/120MM ON 135CM REF1012014-120,3230000,3230000
guQSJJsJ46GrRJQfE,2100585,STENT PERIFERICO PERIFERICO  ABSOLUTE PRO LL/50/150MM ON 135CM REF1012014-150,3230000,3230000
fa5yZsrux9xmswoba,2100586,STENT PERIFERICO PERIFERICO  ABSOLUTE PRO LL/60/120MM ON 135CM REF1012015-120,3230000,3230000
nMEfkP2rTk5AmzAKT,2100587,STENT PERIFERICO PERIFERICO  ABSOLUTE PRO LL/60/150MM ON 135CM REF1012015-150,3230000,3230000
6npjKAaz3SxZseSHo,2100588,STENT PERIFERICO PERIFERICO  ABSOLUTE PRO LL/70/120MM ON 135CM REF1012016-120,3230000,3230000
TTyo4WheqydZdWuRZ,2100589,STENT PERIFERICO PERIFERICO  ABSOLUTE PRO LL/70/150MM 135CM REF1012016-150,3230000,3230000
HHsdDhGSu7wByPwwy,2100590,STENT PERIFERICO PERIFERICO  ABSOLUTE PRO/100/40MM ON 135CM REF1011925-040,3230000,3230000
EoBdfBMY89Cw5FwMJ,2100591,STENT PERIFERICO PERIFERICO  ABSOLUTE PRO/100/80MM ON 135CM REF1011925-080,3230000,3230000
uBeKXjEzDu3Hpt9dy,2100592,STENT PERIFERICO PERIFERICO  ABSOLUTE PRO/50/80MM ON 135CM REF1011920-080,3230000,3230000
L8KFSSno7RfZiJh8R,2100593,STENT PERIFERICO PERIFERICO  ABSOLUTE PRO/60/80MM ON 135CM REF1011921-080,3230000,3230000
ZqnMTmPwry5TRbqLB,2100594,STENT PERIFERICO PERIFERICO  ABSOLUTE PRO/70/40MM ON 135CM REF1011922-040,3230000,3230000
mcg8aoc6PoXDow2iX,2100595,STENT PERIFERICO PERIFERICO  ABSOLUTE PRO/70/80MM ON 135CM REF1011922-080,3230000,3230000
cAaiTEPDAPghyWNRH,2100596,STENT PERIFERICO PERIFERICO  ABSOLUTE PRO/80/40MM ON 135CM REF1011923-040,3230000,3230000
PaX48GtvCGM7SchYv,2100597,STENT PERIFERICO PERIFERICO  ABSOLUTE PRO/90/40MM ON 135CM REF1011924-040,3230000,3230000
rP56eaEsxpNXY9rcL,2100598,STENT PERIFERICO PERIFERICO  ABSOLUTE PRO/90/80MM ON 135CM REF1011924-080,3230000,3230000
phdbE84FvE2m8F6Ko,2100599,STENT PERIFERICO RESTORER  10X18MM  SPCBC35080100018,2720000,2720000
MimyEBXurXZP2GzzA,2100600,STENT PERIFERICO RESTORER  10X18MM  SPCBC35140100018,2720000,2720000
EuQH8jd9j6m8sKmu2,2100601,STENT PERIFERICO RESTORER  10X28MM  SPCBC35080100028,2720000,2720000
3ABPLvHz9NQvqC7sn,2100602,STENT PERIFERICO RESTORER  10X28MM  SPCBC35140100028,2720000,2720000
fW2arm5GN6W4T3QDG,2100603,STENT PERIFERICO RESTORER  10X38MM  SPCBC35080100038,2720000,2720000
npqssDNYnxs9CjvYF,2100604,STENT PERIFERICO RESTORER  10X38MM  SPCBC35140100038,2720000,2720000
f3KrtAiQLfFaSazLY,2100605,STENT PERIFERICO RESTORER  10X58MM  SPCBC35080100058,2720000,2720000
mhj9NTSGGaC2Nbuds,2100606,STENT PERIFERICO RESTORER  10X58MM  SPCBC35140100058,2720000,2720000
9ri7NkmX63KTsFJie,2100607,STENT PERIFERICO RESTORER  5X18MM  SPCBC35080050018,2720000,2720000
WpNNjWn9esPhoNEiZ,2100608,STENT PERIFERICO RESTORER  5X18MM  SPCBC35140050018,2720000,2720000
C9CFrou8PbeJCerX8,2100609,STENT PERIFERICO RESTORER  5X28MM  SPCBC35080050028,2720000,2720000
KhGJu35xbusw3Dgbj,2100610,STENT PERIFERICO RESTORER  5X28MM  SPCBC35140050028,2720000,2720000
5Ygrn5wMut4KLEzEf,2100611,STENT PERIFERICO RESTORER  5X38MM  SPCBC35080050038,2720000,2720000
DdgF93vZvkCwKeePY,2100612,STENT PERIFERICO RESTORER  5X38MM  SPCBC35140050038,2720000,2720000
MaPRWTFa5PvbRLXFh,2100613,STENT PERIFERICO RESTORER  5X58MM  SPCBC35080050058,2720000,2720000
ma49d2CKH2Aif5j3r,2100614,STENT PERIFERICO RESTORER  5X58MM  SPCBC35140050058,2720000,2720000
fZNX3GjSaKxXPyCs7,2100615,STENT PERIFERICO RESTORER  6X18MM  SPCBC35080060018,2720000,2720000
WXkgPk5Sqoc9fovFD,2100616,STENT PERIFERICO RESTORER  6X18MM  SPCBC35140060018,2720000,2720000
y4RyBT6hyqYtG4gbH,2100617,STENT PERIFERICO RESTORER  6X28MM  SPCBC35080060028,2720000,2720000
C8CpSLpc3urWo7dav,2100618,STENT PERIFERICO RESTORER  6X28MM  SPCBC35140060028,2720000,2720000
Gh5QiKCo98Y9WRrCh,2100619,STENT PERIFERICO RESTORER  6X38MM  SPCBC35080060038,2720000,2720000
Sw47guHriC22bxJMi,2100620,STENT PERIFERICO RESTORER  6X38MM  SPCBC35140060038,2720000,2720000
CmSR2Pq6QkKKFaGxY,2100621,STENT PERIFERICO RESTORER  6X58MM  SPCBC35080060058,2720000,2720000
jS5Qvfycmu93sqqXn,2100622,STENT PERIFERICO RESTORER  6X58MM  SPCBC35140060058,2720000,2720000
c84ThsX32r4nFsAxm,2100623,STENT PERIFERICO RESTORER  7X18MM  SPCBC35080070018,2720000,2720000
SvKMTwQHePiWn8yKQ,2100624,STENT PERIFERICO RESTORER  7X18MM  SPCBC35140070018,2720000,2720000
mpM7s8hf28pWHhaXy,2100625,STENT PERIFERICO RESTORER  7X28MM  SPCBC35080070028,2720000,2720000
YJ7EQSkE53Fs2ELsM,2100626,STENT PERIFERICO RESTORER  7X28MM  SPCBC35140070028,2720000,2720000
AEH7a9CrLkqkBspBs,2100627,STENT PERIFERICO RESTORER  7X38MM  SPCBC35080070038,2720000,2720000
QGHpXifTfLnqkvZwQ,2100628,STENT PERIFERICO RESTORER  7X38MM  SPCBC35140070038,2720000,2720000
yCuFqFtZiQRq9Tp6o,2100629,STENT PERIFERICO RESTORER  7X58MM  SPCBC35080070058,2720000,2720000
RG623HFEypj967bEJ,2100630,STENT PERIFERICO RESTORER  7X58MM  SPCBC35140070058,2720000,2720000
W8YooyjZ2zNKv2KqL,2100631,STENT PERIFERICO RESTORER  8X18MM  SPCBC35080080018,2720000,2720000
S5XMcLFjxPvmkj4Rp,2100632,STENT PERIFERICO RESTORER  8X18MM  SPCBC35140080018,2720000,2720000
ntbGkXmQiEqyLfzHX,2100633,STENT PERIFERICO RESTORER  8X28MM  SPCBC35080080028,2720000,2720000
mBqatHXrKs7Lps9nT,2100634,STENT PERIFERICO RESTORER  8X28MM  SPCBC35140080028,2720000,2720000
k5dd4vK8oPn6Ptgho,2100635,STENT PERIFERICO RESTORER  8X38MM  SPCBC35080080038,2720000,2720000
vzny7cL6hu3v2ze9h,2100636,STENT PERIFERICO RESTORER  8X38MM  SPCBC35140080038,2720000,2720000
z43TqbXXnnEszvgYH,2100637,STENT PERIFERICO RESTORER  8X58MM  SPCBC35080080058,2720000,2720000
Td8iGEf5acXr96c5y,2100638,STENT PERIFERICO RESTORER  8X58MM  SPCBC35140080058,2720000,2720000
QtwKZSkibSaWwsQhH,2100639,STENT PERIFERICO RESTORER  9X18MM  SPCBC35080090018,2720000,2720000
6Fae3cGKee85EMXqg,2100640,STENT PERIFERICO RESTORER  9X18MM  SPCBC35140090018,2720000,2720000
oZsmDCHWANf8Fu3aQ,2100641,STENT PERIFERICO RESTORER  9X28MM  SPCBC35080090028,2720000,2720000
83b4iLcko7foyGEPF,2100642,STENT PERIFERICO RESTORER  9X28MM  SPCBC35140090028,2720000,2720000
Rur4QaZzqKqWK6A7q,2100643,STENT PERIFERICO RESTORER  9X38MM  SPCBC35080090038,2720000,2720000
RRR7bBpBZEzG37gQe,2100644,STENT PERIFERICO RESTORER  9X38MM  SPCBC35140090038,2720000,2720000
WmvEDnsfp3fapNTkJ,2100645,STENT PERIFERICO RESTORER  9X58MM  SPCBC35080090058,2720000,2720000
eevexnfLRFtT6AEgM,2100646,STENT PERIFERICO RESTORER  9X58MM  SPCBC35140090058,2720000,2720000
gBD7ajPDSx3GBptmh,2100647,STENT PERIFERICO RX HERCULINK ELITE /50/18MM 135CM REF1011528-18,2720000,2720000
pdjaSdfNMrdEZatdY,2100648,STENT PERIFERICO RX HERCULINK ELITE /60/18MM 135CM REF1011534-18,2720000,2720000
22vXq7Zxr4xHp7t9m,2100649,STENT PERIFERICO RX HERCULINK ELITE /70/15MM 135CM REF1011540-15,2720000,2720000
GJCnE9D2YBABFTpA2,2100650,STENT PERIFERICO RX HERCULINK ELITE/70/18MM 135CM REF1011540-18,2720000,2720000
GsCS8ia7iZvNPHi5b,2100651,STENT PERIFERICO SUPERA 45X100 6F 120CM REF42045100-120,8000000,8000000
7Wi5DoWPNYwGSMveD,2100652,STENT PERIFERICO SUPERA 45X120 6F 120CM REF42045120-120,8000000,8000000
4dbzp8cbZmsjQJduR,2100653,STENT PERIFERICO SUPERA 45X150 6F 120CM REF42045150-120,8000000,8000000
9KcaY5gk3db6xXq35,2100654,STENT PERIFERICO SUPERA 45X80 6F 120CM REF42045080-120,8000000,8000000
7Ax8uHocnkF5ApxfQ,2100655,STENT PERIFERICO SUPERA 55X100 6F 120CM REF42055100-120,8000000,8000000
dPKPHc6zYs5YX3kvy,2100656,STENT PERIFERICO SUPERA 55X120 6F 120CM REF42055120-120,8000000,8000000
YwCssSJNPTFwiNX68,2100657,STENT PERIFERICO SUPERA 55X150 6F 120CM REF42055150-120,8000000,8000000
EJJTvgyGTAExcWfmx,2100658,STENT PERIFERICO SUPERA 55X200 6F 120CM REF42055200-120,8000000,8000000
5sQjErRX45aDSadrk,2100659,STENT PERIFERICO SUPERA 55X80 6F 120CM REF42055080-120,8000000,8000000
h9iwzH5tqTurQQ56i,2100660,STENT PERIFERICO SUPERA 65X100 6F 120CM REF42065100-120,8000000,8000000
zpeAh83rcKoZJhr25,2100661,STENT PERIFERICO SUPERA 65X120 6F 120CM REF42065120-120,8000000,8000000
YzrHsTcB2MDM3iQw7,2100662,STENT PERIFERICO SUPERA 65X150 6F 120CM REF42065150-120,8000000,8000000
RXduRxog8mxibr66G,2100663,STENT PERIFERICO SUPERA 65X200 6F 120CM REF42065200-120,8000000,8000000
rPuLrkJvw7F8ZLvqd,2100664,STENT PERIFERICO SUPERA 65X80 6F 120CM REF42065080-120,8000000,8000000
hq9XvoyqneSSwJS4o,2100665,STENT PERIFERICO SUPERA 75X100 6F 120CM REF42075100-120,8000000,8000000
SLv8WnSpXKbMeCqWr,2100666,STENT PERIFERICO VASCULAR EXPRESS LD  DE 7MM X 57MM REF H74938162120130,2563464,2563464
uQ5cqQ6vxY4qwHFcp,2100667,STENT PERIFERICO VASCULAR EXPRESS LD  DE 8MM X 37MM REF H74938162840130,2563464,2563464
y4nRpNcrHAQqATyzz,2100668,STENT PROTECCIÓN CEREB CASPER 10 X 30 MM REFCPR-1030-143RX,5493205,5493205
DKSK9M9MmnvvRa4DG,2100669,STENT PROTECCIÓN CEREB CASPER 7 X 25 MM REFCPR-0725-143RX,5493205,5493205
pHPpbh8cn6hg2xkJ4,2100670,STENT PROTECCIÓN CEREB CASPER 8 X 25 MM REFCPR-0825-143RX,5493205,5493205
eLCdGsCPLTRGJ4STF,2100671,STENT PROTECCIÓN CEREB CASPER 8 X 30 MM REFCPR-0830-143RX,5493205,5493205
EETGEcwBBdPHGQ2cZ,2100672,STENT PROTECCIÓN CEREB CASPER 9 X 20 MM REFCPR-0920-143RX,5493205,5493205
aSDxAf9QoYB7Cpvww,2100673,STENT PROTECCIÓN CEREB CASPER 9 X 30 MM REFCPR-0930-143RX,5493205,5493205
3NuA8LHyxic3Hckai,2100674,STENT SRD3-4-20-10 V01 SOLITAIRE REFSRD3-4-20-10,9380000,9380000
ScDNuXPLs99ZokKjS,2100675,STENT SRD3-4-40-10 V01 SOLITAIRE REFSRD3-4-40-10,9380000,9380000
QHrK7uK2FyzZ6ZYLa,2100676,STENT SRD3-6-20-10 V01 SOLITAIRE REFSRD3-6-20-10,9380000,9380000
zrA5qSbWSzPe6ivX6,2100677,STENT SRD3-6-40-10 V01 SOLITAIRE REFSRD3-6-40-10,9380000,9380000
uTiLp3WsPptyo62er,2100678,STENT CAROTIDEO WALLSTENT MONORAIL 7 X 50 REF H965SCH647090,3658963,5493205
sfg9rGLgX4rzGicFr,2100690,"STENT DE SOPORTE INTRAL.LVIS EVO. 2,5 X12 MM REF: LEV2512 XUN",16960000,16960000
mFEnT2fjyaz9spKpe,2090310,"STENT CORONARIO MEDICADO ULTIMASTER 3,5X38  DE-RQ3538KSM XUN",2858499,2858499
wqbH7YtGCfyRLXNLC,2090311,"STENT CORONARIO MEDICADO ULTMASTER 2,5X21 DE-RQ2521KSM XUN",2858499,2858499
8xPDodu439hjqBi9Y,2090314,STENT CORONARIO MEDICADO ULTIMASTER 3X24 DE-RQ3024KSM XUN,2858499,2858499
23L6ktfwrq3EAk7Je,2100692,"STENT DE SOPORTE INTRAL.LVIS EVO. 3,5 X16 MM-REF: LEV3517 XUN",16960000,16960000
vXbNtCLt49NRBGhmb,2090322,STENT CORONARIO ULTIMASTER 4X15 DE-RQ4015KSM XUN,2858499,2858499
,2090304,"STENT CORONARIO MEDICADO SYNERGY 3,5MM X 24MM-REF: H7493926224350",2858499,2858499
,2090303,"STENT CORONARIO MEDICADO-RESOLUTE ONYX 4,5MM X 15MM-REF:-RONYX45015X",2858499,2858499
,2090305,STENT CORONARIO MEDICADO-RESOLUTE ONYX 5MM X22MM-REF:-RONYX50022X,2858499,2858499
,2090318,"STENT CORONARIO MEDICADO ULTIMASTER 2,25X12 DE-RQ2212KSM XUN",2858499,2858499
,2090321,"STENT CORONARIO MEDICADO ULTIMASTER 2,25X15 DE-RQ2215KSM XUN",2858499,2858499
,2090325,"STENT CORONARIO MEDICADO ULTIMASTER 2,25X18 DE-RQ2218KSM XUN",2858499,2858499
,2090326,"STENT CORONARIO MEDICADO ULTIMASTER 2,25X24 DE-RQ2224KSM XUN",2858499,2858499
,2090327,"STENT CORONARIO MEDICADO ULTIMASTER 2,25X33 DE-RQ2233KSM XUN",2858499,2858499
,2090328,"STENT CORONARIO MEDICADO ULTIMASTER 2,25X38 DE-RQ2238KSM XUN",2858499,2858499
,2090329,"STENT CORONARIO MEDICADO ULTIMASTER 2,5X12 DE-RQ2512KSM XUN",2858499,2858499
,2090306,"STENT CORONARIO MEDICADO ULTIMASTER 2,5X15 DE-RQ2515KSM XUN",2858499,2858499
,2090330,"STENT CORONARIO MEDICADO ULTIMASTER 2,5X18 DE-RQ2518KSM XUN",2858499,2858499
,2090331,"STENT CORONARIO MEDICADO ULTIMASTER 2,5X24 DE-RQ2524KSM XUN",2858499,2858499
,2090307,"STENT CORONARIO MEDICADO ULTIMASTER 2,5X28 DE-RQ2528KSM XUN",2858499,2858499
,2090332,"STENT CORONARIO MEDICADO ULTIMASTER 2,5X33 DE-RQ2533KSM XUN",2858499,2858499
,2090333,"STENT CORONARIO MEDICADO ULTIMASTER 2,5X38 DE-RQ2538KSMXUN",2858499,2858499
,2090334,"STENT CORONARIO MEDICADO ULTIMASTER 2,75X18 DE-RQ2718KSM XUN",2858499,2858499
,2090335,"STENT CORONARIO MEDICADO ULTIMASTER 2,75X24 DE-RQ2724KSM XUN",2858499,2858499
,2090336,"STENT CORONARIO MEDICADO ULTIMASTER 2,75X38 DE-RQ2738KSMXUN",2858499,2858499
,2090316,"STENT CORONARIO MEDICADO ULTIMASTER 3,5X12 DE-RQ3512KSM XUN",2858499,2858499
,2090317,"STENT CORONARIO MEDICADO ULTIMASTER 3,5X15 DE-RQ3515KSM XUN",2858499,2858499
,2090312,"STENT CORONARIO MEDICADO ULTIMASTER 3,5X18 DE-RQ3518KSM XUN",2858499,2858499
,2090309,"STENT CORONARIO MEDICADO ULTIMASTER 3,5X24 DE-RQ3524KSM XUN",2858499,2858499
,2090319,"STENT CORONARIO MEDICADO ULTIMASTER 3,5X28 DE-RQ3528KSM XUN",2858499,2858499
,2090320,"STENT CORONARIO MEDICADO ULTIMASTER 3,5X33 DE-RQ3533KSM XUN",2858499,2858499
,2090313,STENT CORONARIO MEDICADO ULTIMASTER 3X18 DE-RQ3018KSM XUN,2858499,2858499
,2090308,STENT CORONARIO MEDICADO ULTIMASTER 3X33 DE-RQ3033KSMXUN,2858499,2858499
,2090315,STENT CORONARIO MEDICADO ULTIMASTER 3X38 DE-RQ3038KSM XUN,2858499,2858499
,2090323,STENT CORONARIO MEDICADO ULTIMASTER 4X18 DE-RQ4018KSM XUN,2858499,2858499
,2090324,STENT CORONARIO MEDICADO ULTIMASTER 4X28 DE-RQ4028KSM XUN,2858499,2858499
